,English Na,Name,Population,Flag,2020-01-27,2020-01-28,2020-01-29,2020-01-30,2020-01-31,2020-02-01,2020-02-02,2020-02-03,2020-02-04,2020-02-05,2020-02-06,2020-02-07,2020-02-08,2020-02-09,2020-02-10,2020-02-11,2020-02-12,2020-02-13,2020-02-14,2020-02-15,2020-02-16,2020-02-17,2020-02-18,2020-02-19,2020-02-20,2020-02-21,2020-02-22,2020-02-23,2020-02-24,2020-02-25,2020-02-26,2020-02-27,2020-02-28,2020-02-29,2020-03-01,2020-03-02,2020-03-03,2020-03-04,2020-03-05,2020-03-06,2020-03-07,2020-03-08,2020-03-09,2020-03-10,2020-03-11,2020-03-12,2020-03-13,2020-03-14,2020-03-15,2020-03-16,2020-03-17,2020-03-18,2020-03-19,2020-03-20,2020-03-21,2020-03-22,2020-03-23,2020-03-24,2020-03-25,2020-03-26,2020-03-27,2020-03-28,2020-03-29,2020-03-30,2020-03-31,2020-04-01,2020-04-02,2020-04-03,2020-04-04,2020-04-05,2020-04-06,2020-04-07,2020-04-08,2020-04-09,2020-04-10,2020-04-11,2020-04-12,2020-04-13,2020-04-14,2020-04-15,2020-04-16,2020-04-17,2020-04-18,2020-04-19,2020-04-20,2020-04-21,2020-04-22,2020-04-23,2020-04-24,2020-04-25,2020-04-26,2020-04-27,2020-04-28,2020-04-29
0,Brazil,巴西,212559417.0,https://www.countryflags.io/br/flat/64.png,0,0,0,0,0,0,0,0,0,0,0,0,0,0,0,0,0,0,0,0,0,0,0,0,0,0,0,0,0,0,0,1,1,1,2,2,2,0,3,8,13,19,25,25,34,52,77,98,151,200,234,291,514,621,904,1128,1546,1891,2201,2433,2915,3417,3904,4256,4579,5717,6836,7910,9056,10278,11130,12056,14049,15927,17857,19638,20727,22169,23753,25262,29015,30961,34221,36925,39144,40814,43079,46195,50036,52995,59324,63854,66896,73166
1,Canada,加拿大,37742154.0,https://www.countryflags.io/ca/flat/64.png,1,0,3,0,0,4,0,0,0,5,0,0,0,7,7,7,7,7,7,8,8,8,0,0,8,0,0,0,10,11,11,12,14,16,20,24,24,30,33,48,53,60,66,77,93,107,149,198,253,343,436,595,727,923,1146,1377,1472,2091,2892,3409,4043,4760,5867,6671,7448,9017,10121,11283,12545,14022,15512,16666,17897,19279,20765,22148,23318,24384,26163,27064,28893,30670,32412,33922,35392,37382,38422,40824,42750,44364,45791,47327,48500,50026
2,United States of America,美国,331002651.0,https://www.countryflags.io/us/flat/64.png,5,0,0,0,6,6,8,9,11,0,12,0,0,0,12,13,13,14,15,15,15,15,0,0,15,0,35,35,35,53,57,60,60,63,63,77,100,122,153,232,324,445,572,704,1004,1004,1635,2084,2885,3700,4661,6420,10259,14250,19624,26997,35360,46450,55243,69194,85840,105470,124686,143101,164603,189633,216722,245658,278537,312245,337971,368449,399979,432579,467184,501615,530830,558526,583220,609696,640014,672246,706832,735366,760570,788920,826184,843937,870468,907096,940797,967585,989357,1012582
3,Germany,德国,83783942.0,https://www.countryflags.io/de/flat/64.png,0,1,4,0,5,1,10,0,12,0,0,0,14,0,14,14,16,16,16,16,16,16,0,0,16,16,16,16,16,16,19,27,48,66,117,130,196,240,349,565,687,847,1112,1239,1524,2078,3117,3117,4866,6671,7840,11312,13979,15439,20581,25279,27289,30138,35743,38124,43211,52802,58101,58101,61913,67366,73522,79696,85778,91714,95391,99225,103228,108202,113525,117658,120479,123016,130072,130072,130450,133830,137439,139897,141672,143457,145694,148046,150383,152438,154175,155193,156337,157641
4,"Congo, Rep.",刚果（布）,,https://www.countryflags.io/cg/flat/64.png,0,0,0,0,0,0,0,0,0,0,0,0,0,0,0,0,0,0,0,0,0,0,0,0,0,0,0,0,0,0,0,0,0,0,0,0,0,0,0,0,0,0,0,0,0,0,0,0,0,1,1,1,3,3,3,4,4,4,4,4,4,19,19,19,19,22,22,41,45,45,49,49,60,60,60,0,70,70,74,117,117,143,143,143,160,160,165,186,186,200,200,200,207,207
5,Norway,挪威,5421241.0,https://www.countryflags.io/no/flat/64.png,0,0,0,0,0,0,0,0,0,0,0,0,0,0,0,0,0,0,0,0,0,0,0,0,0,0,0,0,0,0,0,1,4,7,17,19,32,33,56,86,113,147,169,169,277,489,703,750,1046,1077,1331,1452,1562,1758,1939,2150,2532,2573,2796,3041,3315,3771,3981,4284,4451,4615,4848,5125,5356,5551,5686,5762,5903,6013,6157,6267,6408,6485,6547,6623,6798,6848,6937,7036,7078,7127,7191,7275,7361,7444,7493,7511,7599,7619
6,Argentina,阿根廷,45195774.0,https://www.countryflags.io/ar/flat/64.png,0,0,0,0,0,0,0,0,0,0,0,0,0,0,0,0,0,0,0,0,0,0,0,0,0,0,0,0,0,0,0,0,0,0,0,0,0,1,1,2,8,9,12,17,19,19,31,34,45,56,65,79,97,128,158,225,266,301,387,502,589,690,745,820,966,1054,1133,1265,1353,1451,1554,1628,1715,1795,1795,1975,2142,2208,2277,2443,2571,2669,2669,2694,2941,3031,3144,3288,3435,3607,3780,3892,4003,4127
7,Finland,芬兰,5540720.0,https://www.countryflags.io/fi/flat/64.png,0,0,0,1,0,1,0,0,0,0,0,0,0,0,1,1,1,1,1,1,1,0,0,0,0,0,0,0,0,0,1,2,2,3,3,6,6,6,7,15,15,19,30,40,40,65,155,155,224,243,272,319,359,400,450,521,626,700,792,880,880,1163,1163,1218,1313,1384,1446,1518,1615,1882,1927,2176,2308,2487,2605,2769,2905,3064,3064,3161,3237,3369,3489,3681,3783,3868,4014,4129,4284,4395,4475,4576,4695,4740
8,North Macedonia,北马其顿,2083374.0,https://www.countryflags.io/mk/flat/64.png,0,0,0,0,0,0,0,0,0,0,0,0,0,0,0,0,0,0,0,0,0,0,0,0,0,0,0,0,0,0,0,1,1,1,1,1,1,0,1,0,0,3,3,7,7,9,9,13,13,18,18,31,35,67,67,70,136,136,136,148,177,201,219,257,259,329,329,354,430,483,555,570,570,617,663,711,828,828,854,908,974,1117,1117,1170,1207,1225,1231,1259,1300,1326,1367,1386,1399,1421
9,Uruguay,乌拉圭,3473730.0,https://www.countryflags.io/uy/flat/64.png,0,0,0,0,0,0,0,0,0,0,0,0,0,0,0,0,0,0,0,0,0,0,0,0,0,0,0,0,0,0,0,0,0,0,0,0,0,0,0,0,0,0,0,0,0,0,0,4,6,6,29,50,79,94,110,135,158,158,189,217,238,238,238,309,320,338,338,369,386,386,386,415,424,456,456,465,501,512,512,512,512,502,508,517,528,535,543,549,557,563,563,606,620,625
10,New Zealand,新西兰,4822233.0,https://www.countryflags.io/nz/flat/64.png,0,0,0,0,0,0,0,0,0,0,0,0,0,0,0,0,0,0,0,0,0,0,0,0,0,0,0,0,0,0,0,0,1,1,1,1,1,2,3,4,5,5,5,5,5,5,0,6,8,8,11,20,28,39,53,67,102,142,205,278,338,451,514,589,600,647,723,868,950,1039,911,943,969,992,992,1035,1049,1064,1072,1078,1084,1086,1094,1098,1105,1107,1113,1112,1114,1117,1142,1122,1124,1126
11,United Kingdom,英国,67886011.0,https://www.countryflags.io/gb/flat/64.png,0,0,0,0,2,2,0,0,0,0,0,0,3,0,3,8,8,9,9,9,9,9,9,9,9,0,0,0,13,13,13,15,15,20,35,36,51,51,85,116,163,206,206,319,373,460,590,798,1140,1543,1950,2626,2626,3269,3983,5018,5683,6650,8077,9529,14579,17089,19522,22141,25150,29474,33718,38168,41903,47806,47806,55242,55242,60733,65077,78991,84279,88621,93873,98476,103093,108692,114217,120067,124743,129044,133495,138078,143464,148377,152840,152840,157149,161145
12,Italy,意大利,60461826.0,https://www.countryflags.io/it/flat/64.png,0,0,0,0,2,2,0,0,0,0,0,0,3,0,3,3,3,3,3,3,3,0,0,0,0,0,20,117,230,283,374,528,653,888,1128,1694,2036,2502,3089,3927,4636,5883,7375,9172,10283,12462,15113,17660,21270,24938,29022,31506,37178,41035,47021,55218,59514,64378,70545,74386,81129,87275,93051,97689,102106,105792,110574,115895,120281,125016,129481,132810,135893,139887,143626,148217,152860,156673,159516,162488,165155,168941,172434,175925,178972,183957,183957,187327,192994,192994,195351,197675,199414,201505
13,Spain,西班牙,46754778.0,https://www.countryflags.io/es/flat/64.png,0,0,0,0,0,7,0,0,0,0,0,0,0,0,2,2,2,2,2,2,2,0,0,2,2,2,2,0,0,3,7,13,25,41,58,84,150,165,229,345,387,516,999,1648,2128,2968,4209,5232,7753,9191,11178,13716,17147,19980,24926,28572,33089,39673,47610,56188,64059,72248,78797,85195,94417,102136,110238,117710,124736,130759,135032,140510,146690,152446,157022,161852,166019,169496,172541,177633,182816,188068,191726,195944,200210,204178,208389,213024,219764,223759,207634,209465,210773,210773
14,Russia,俄罗斯,145934462.0,https://www.countryflags.io/ru/flat/64.png,0,0,0,0,2,2,0,0,0,0,0,0,0,0,2,2,2,2,2,2,2,2,0,0,2,0,0,0,0,0,2,0,0,2,2,2,2,0,3,8,8,10,10,10,20,28,45,47,59,63,93,147,199,253,306,306,438,495,658,840,1036,1264,1534,1836,2337,2777,3548,4149,4731,5389,6343,7497,8672,10131,11917,13584,15770,18328,21102,24490,27938,32008,36793,42853,47121,52763,57999,62773,68622,74588,80949,87147,93558,93558
15,Turkey,土耳其,84339067.0,https://www.countryflags.io/tr/flat/64.png,0,0,0,0,0,0,0,0,0,0,0,0,0,0,0,0,0,0,0,0,0,0,0,0,0,0,0,0,0,0,0,0,0,0,0,0,0,0,0,0,0,0,0,0,1,1,2,5,6,18,47,98,191,359,670,947,1236,1529,1872,2433,3629,5698,7402,9217,10827,13531,15679,18135,20921,23934,27069,30217,34109,38226,42282,47029,52167,56956,61049,65111,69392,78546,78546,82329,86306,90980,95591,98674,101790,104912,107773,110130,112261,114653
16,France,法国,65273511.0,https://www.countryflags.io/fr/flat/64.png,3,0,4,5,0,6,0,0,0,0,0,0,11,0,11,11,11,11,11,11,12,12,12,12,12,0,0,0,0,12,17,18,38,57,100,130,130,212,285,577,613,949,1126,1606,1784,2281,2876,3661,4500,5423,6633,7730,9134,10995,12612,14459,16689,19856,22300,25233,29155,33414,37575,40174,44550,52128,56989,59105,64338,68605,70478,98984,78167,82048,86334,90676,93790,95403,98076,103573,106206,108847,109252,111821,112606,114657,117324,119151,120804,122577,124114,124575,128339,129859
17,Netherlands,荷兰,17134872.0,https://www.countryflags.io/nl/flat/64.png,0,0,0,0,0,0,0,0,0,0,0,0,0,0,0,0,0,0,0,0,0,0,0,0,0,0,0,0,0,0,0,0,1,2,7,10,24,24,38,82,128,188,188,382,382,503,804,804,959,1135,1705,1705,2460,2994,3631,4204,4797,5560,6412,7431,8603,9762,10866,11750,12595,13614,14697,14697,16627,17851,17851,19580,20549,21762,23097,23097,25587,26551,27419,28153,29214,30449,31589,32655,33405,34134,34842,35729,36535,37190,37845,38245,38416,38416
18,Belgium,比利时,11589623.0,https://www.countryflags.io/be/flat/64.png,0,0,0,0,0,0,0,0,1,0,0,0,0,0,1,1,1,1,1,1,1,1,1,1,1,0,0,0,0,0,1,0,0,1,2,2,13,13,23,109,109,169,239,239,267,399,556,689,886,886,1243,1486,1795,2257,2815,3401,3743,4269,4937,6235,7284,9134,10836,11899,12775,13964,15348,16770,18431,19961,20814,22194,23403,24983,26667,28018,29647,30789,31119,33573,34809,36138,37183,38496,39983,40956,41889,42797,44293,45325,46134,46687,47334,47334
19,India,印度,1380004385.0,https://www.countryflags.io/in/flat/64.png,0,0,0,1,0,1,2,0,3,0,0,0,0,0,3,3,3,3,3,3,3,3,3,3,3,0,0,0,0,0,3,0,0,3,3,3,6,15,29,31,33,39,39,58,61,73,81,84,107,110,137,151,173,223,283,341,415,519,606,649,724,918,1024,1414,1251,1637,2069,2547,2902,3577,4281,4789,5274,5865,6761,7529,8447,9352,10815,11933,12759,13835,14793,16116,17656,18985,20471,21700,23452,24942,26917,28380,29974,29974
20,Portugal,葡萄牙,10196709.0,https://www.countryflags.io/pt/flat/64.png,0,0,0,0,0,0,0,0,0,0,0,0,0,0,0,0,0,0,0,0,0,0,0,0,0,0,0,0,0,0,0,0,0,0,0,0,2,2,5,5,8,15,30,30,30,59,59,59,112,245,448,448,642,642,1280,1600,2060,2060,2362,2995,3544,4268,5962,6408,7443,8251,9034,9886,9886,11278,11730,12442,13141,13141,15472,15987,16585,16934,17448,18091,18841,19022,19685,20206,20863,21379,21982,22353,22797,23392,23864,23864,24322,24322
21,Peru,秘鲁,32971854.0,https://www.countryflags.io/pe/flat/64.png,0,0,0,0,0,0,0,0,0,0,0,0,0,0,0,0,0,0,0,0,0,0,0,0,0,0,0,0,0,0,0,0,0,0,0,0,0,0,0,1,1,6,6,6,6,6,22,28,28,71,71,117,145,234,263,318,363,395,395,480,580,635,671,852,950,1065,1065,1414,1414,1746,2281,2281,2954,4332,4332,5897,5897,7519,7519,7519,7519,10303,13489,14420,15628,16325,17837,19250,20914,21648,25331,27517,28699,31190
22,Ecuador,厄瓜多尔,17643054.0,https://www.countryflags.io/ec/flat/64.png,0,0,0,0,0,0,0,0,0,0,0,0,0,0,0,0,0,0,0,0,0,0,0,0,0,0,0,0,0,0,0,0,0,0,1,6,6,7,10,13,13,13,13,13,15,15,15,23,23,23,58,111,155,260,367,367,506,532,790,1049,1382,1382,1595,1890,1890,1962,2748,2748,3163,3163,3646,3747,3747,4450,4450,7161,7257,7446,7466,7529,7603,7858,8450,9022,9022,9468,10128,10398,10850,22719,22719,22719,23240,24258
23,Saudi Arabia,沙特阿拉伯,34813871.0,https://www.countryflags.io/sa/flat/64.png,0,0,0,0,0,0,0,0,0,0,0,0,0,0,0,0,0,0,0,0,0,0,0,0,0,0,0,0,0,0,0,0,0,0,0,0,1,1,2,2,2,7,7,20,21,45,62,86,103,103,133,171,238,274,392,511,511,767,900,1012,1104,1203,1299,1453,1563,1720,1885,1885,1885,2385,2523,2795,2932,2932,3651,4033,4462,4934,5369,5862,6380,7142,8274,9362,10484,11631,12772,13930,15102,16299,17522,18811,20077,20077
24,Sweden,瑞典,10099265.0,https://www.countryflags.io/se/flat/64.png,0,0,0,0,0,1,0,0,0,0,0,0,0,0,1,1,1,1,1,1,1,0,0,0,0,0,0,0,0,0,1,2,7,12,13,13,19,30,52,94,137,161,213,326,355,500,683,775,961,1023,1119,1191,1279,1423,1650,1746,1929,2016,2272,2510,2806,3088,3447,3700,4028,4028,4947,5565,6078,6578,6830,7206,7693,8419,9141,9685,10151,10483,11536,11445,12540,13329,13967,14500,14862,15372,16004,16825,17678,17729,18640,19020,19020,19743
25,Iran,伊朗,83992949.0,https://www.countryflags.io/ir/flat/64.png,0,0,0,0,0,0,0,0,0,0,0,0,0,0,0,0,0,0,0,0,0,0,0,0,2,18,28,43,61,95,139,245,270,593,978,1501,2336,2922,2922,4747,5823,6566,7161,8042,9000,10075,11364,12729,13938,14991,16169,17361,18407,19644,20610,21638,23049,24811,27017,29406,32332,35408,38309,41495,44606,47593,50468,53183,55743,58226,60500,62589,67286,67286,68192,70029,71686,73303,74877,76389,77995,79494,80868,82211,83505,84802,85996,87026,88194,89328,90481,91472,92584,92584
26,Singapore,新加坡,5850342.0,https://www.countryflags.io/sg/flat/64.png,4,5,10,0,13,16,18,0,24,0,28,30,33,40,43,45,47,58,67,72,72,77,77,84,84,85,85,89,89,90,93,93,93,98,102,106,110,110,112,130,130,138,138,166,166,187,200,200,212,226,266,313,345,385,432,455,509,558,631,683,732,802,844,879,926,1000,1049,1114,1189,1309,1375,1375,1623,1910,2108,2299,2299,2532,3252,3699,3699,5050,5992,6588,8014,9125,10141,11178,12075,12693,13624,14423,14951,14951
27,Mexico,墨西哥,128932753.0,https://www.countryflags.io/mx/flat/64.png,0,0,0,0,0,0,0,0,0,0,0,0,0,0,0,0,0,0,0,0,0,0,0,0,0,0,0,0,0,0,0,0,0,3,4,5,5,5,6,6,6,7,7,7,7,11,15,26,41,53,82,93,118,164,203,251,316,367,405,475,585,717,858,993,1094,1215,1378,1510,1688,1890,2143,2439,2785,3181,3441,3844,4219,4661,5014,5399,5847,6297,6875,7497,8261,8772,9501,10544,11633,12872,13842,14667,15529,16752
28,Qatar,卡塔尔,2881053.0,https://www.countryflags.io/qa/flat/64.png,0,0,0,0,0,0,0,0,0,0,0,0,0,0,0,0,0,0,0,0,0,0,0,0,0,0,0,0,0,0,0,0,0,0,1,1,7,7,7,7,11,11,11,18,24,263,262,338,338,401,439,439,452,452,470,481,494,501,526,537,549,562,590,634,693,781,835,949,1075,1325,1604,1832,2210,2376,2512,2728,2979,3231,3428,3711,3711,4663,5008,5448,6015,6533,7141,7764,8525,9358,10287,11244,11921,11921
29,Pakistan,巴基斯坦,220892340.0,https://www.countryflags.io/pk/flat/64.png,0,0,0,0,0,0,0,0,0,0,0,0,0,0,0,0,0,0,0,0,0,0,0,0,0,0,0,0,0,0,0,2,2,2,3,4,5,5,5,6,6,6,6,16,18,18,20,29,34,53,212,237,301,448,510,730,799,892,998,1016,1179,1296,1500,1625,1836,1940,2238,2419,2458,2714,3658,4004,4072,4072,4489,4695,5011,5230,5374,5837,6383,6919,7638,7773,8348,9193,9595,10513,11155,11940,12723,13328,14079,14079
30,Belarus,白俄罗斯,9449323.0,https://www.countryflags.io/by/flat/64.png,0,0,0,0,0,0,0,0,0,0,0,0,0,0,0,0,0,0,0,0,0,0,0,0,0,0,0,0,0,0,0,0,1,1,1,1,3,4,6,6,6,6,0,9,9,9,12,12,27,27,36,36,51,69,69,69,89,89,86,86,86,86,94,94,152,157,254,254,394,502,700,700,1066,1066,1981,1981,2226,2226,2578,2919,4204,4779,4779,4779,6264,6264,6723,6723,8773,9590,10463,11289,12208,12208
31,Ireland,爱尔兰,4937786.0,https://www.countryflags.io/ie/flat/64.png,0,0,0,0,0,0,0,0,0,0,0,0,0,0,0,0,0,0,0,0,0,0,0,0,0,0,0,0,0,0,0,0,0,0,1,1,1,2,2,13,18,19,21,24,34,43,70,90,129,169,223,292,366,557,683,785,906,1125,1329,1564,1819,2121,2415,2615,2910,3235,3447,3849,4273,4604,4994,5364,5709,6074,6224,7393,8089,9655,10647,11479,12547,13271,13980,14758,15251,15652,16040,16671,17607,18184,18561,19262,19648,19877
32,United Arab Emirates,阿联酋,9890402.0,https://www.countryflags.io/ae/flat/64.png,0,0,1,4,0,4,5,0,0,0,0,0,7,0,7,8,8,8,8,8,8,9,9,9,9,0,13,13,13,13,13,0,19,21,21,21,21,27,28,29,45,45,45,74,74,74,85,85,86,98,98,113,140,140,153,153,198,198,333,333,333,468,468,611,664,664,814,1024,1505,1505,2076,2076,2659,2659,2990,3736,3736,4123,4521,4933,5365,5825,6302,6781,7265,7755,8238,8756,8756,9281,10349,10349,11380,11380
33,Poland,波兰,37846611.0,https://www.countryflags.io/pl/flat/64.png,0,0,0,0,0,0,0,0,0,0,0,0,0,0,0,0,0,0,0,0,0,0,0,0,0,0,0,0,0,0,0,0,0,0,0,0,0,1,1,1,5,6,8,18,22,31,51,68,104,125,205,238,287,355,425,563,634,749,901,901,1221,1389,1638,1862,2055,2311,2554,2946,3383,3627,4102,4413,4848,5205,5575,5955,5955,6674,6934,7202,7582,7918,8379,8742,9287,9596,10034,10169,10511,10892,11273,11617,11902,12218
34,Ukraine,乌克兰,43733762.0,https://www.countryflags.io/ua/flat/64.png,0,0,0,0,0,0,0,0,0,0,0,0,0,0,0,0,0,0,0,0,0,0,0,0,0,0,0,0,0,0,0,0,0,0,0,0,1,1,1,1,0,0,0,1,1,1,3,3,3,3,7,14,16,26,41,47,73,97,113,156,218,310,418,480,548,669,804,942,1096,1251,1319,1462,1668,1668,1892,2203,2777,3102,3372,3764,4161,4662,5106,5449,5710,6125,6592,7170,7647,8125,8125,9009,9410,9410
35,Israel,以色列,8655535.0,https://www.countryflags.io/il/flat/64.png,0,0,0,0,0,0,0,0,0,0,0,0,0,0,0,0,0,0,0,0,0,0,0,0,0,0,1,1,2,6,6,7,7,9,10,10,10,10,15,17,21,25,39,50,75,100,126,154,200,213,304,433,529,705,883,945,1238,1656,2030,2666,3035,3460,3865,4347,4831,5591,6360,7030,7589,8018,8611,9006,9404,9755,10095,10505,10878,11235,11868,12200,12591,12855,13107,13362,13654,13883,14326,14592,14882,15148,15398,15466,15589,15728
36,Romania,罗马尼亚,19237691.0,https://www.countryflags.io/ro/flat/64.png,0,0,0,0,0,0,0,0,0,0,0,0,0,0,0,0,0,0,0,0,0,0,0,0,0,0,0,0,0,0,0,1,1,3,3,3,3,4,6,6,9,13,15,17,28,49,70,97,101,123,158,217,217,277,308,308,367,576,576,907,907,1292,1292,1815,1952,2245,2245,2460,3183,3613,3864,4057,4761,5202,5202,5467,5990,6300,6633,6633,7216,7707,8067,8418,8746,8936,9242,9710,10096,10417,10635,11036,11616,11616
37,Republic of Serbia,塞尔维亚,8737371.0,https://www.countryflags.io/rs/flat/64.png,0,0,0,0,0,0,0,0,0,0,0,0,0,0,0,0,0,0,0,0,0,0,0,0,0,0,0,0,0,0,0,0,0,0,0,0,0,0,0,1,1,1,1,4,5,19,31,41,46,48,65,83,89,118,149,171,222,280,384,457,528,659,741,785,900,1060,1171,1185,1476,1980,2200,2200,2666,2867,3105,3380,3630,4054,4465,4465,5318,5690,5994,6318,6630,6890,7718,7906,8152,8482,8482,8510,8805,9055
38,Indonesia,印度尼西亚,273523615.0,https://www.countryflags.io/id/flat/64.png,0,0,0,0,0,0,0,0,0,0,0,0,0,0,0,0,0,0,0,0,0,0,0,0,0,0,0,0,0,0,0,0,0,0,0,2,2,2,2,4,4,4,4,27,27,27,69,96,117,117,172,227,309,369,450,514,579,686,790,893,1046,1155,1285,1414,1528,1677,1790,1986,2092,2273,2491,2738,2956,3293,3512,3842,4241,4241,4839,5136,5516,5923,6248,6575,6760,6760,7148,7775,8211,8607,8882,9096,9511,9511
39,Philippines,菲律宾,109581078.0,https://www.countryflags.io/ph/flat/64.png,0,0,0,0,0,1,2,0,0,0,0,0,3,0,3,3,3,3,3,3,3,0,0,0,0,0,0,0,0,0,3,0,0,3,3,3,3,0,3,5,6,6,10,33,35,52,64,98,140,140,187,202,217,230,307,380,462,552,636,707,803,1075,1418,1546,2084,2311,2633,3018,3094,3246,3660,3764,3870,4076,4195,4428,4648,4932,5223,5453,5660,5878,6087,6259,6459,6599,6710,6981,7192,7294,7579,7777,7958,7958
40,Chile,智利,19116201.0,https://www.countryflags.io/cl/flat/64.png,0,0,0,0,0,0,0,0,0,0,0,0,0,0,0,0,0,0,0,0,0,0,0,0,0,0,0,0,0,0,0,0,0,0,0,0,0,1,3,4,4,7,8,13,17,23,33,43,61,75,156,201,238,342,434,537,632,746,922,922,1306,1610,1909,2139,2449,2738,3031,3404,3737,4161,4471,4815,5116,5546,5972,6501,6927,7213,7525,7525,8273,8807,9252,9730,10088,10888,10832,11296,11812,12306,12858,13331,13813,14365
41,Bangladesh,孟加拉国,164689383.0,https://www.countryflags.io/bd/flat/64.png,0,0,0,0,0,0,0,0,0,0,0,0,0,0,0,0,0,0,0,0,0,0,0,0,0,0,0,0,0,0,0,0,0,0,0,0,0,0,0,0,0,0,0,3,3,3,3,3,3,5,8,14,17,20,24,27,27,33,33,44,48,48,48,49,51,54,56,61,70,88,123,164,164,164,218,330,621,803,1012,1012,1012,1231,2144,2456,2948,2948,2948,3382,4689,4998,4998,5913,6462,6462
42,Switzerland,瑞士,8654622.0,https://www.countryflags.io/ch/flat/64.png,0,0,0,0,0,0,0,0,0,0,0,0,0,0,0,0,0,0,0,0,0,0,0,0,0,0,0,0,0,0,1,4,8,15,24,27,46,58,66,128,210,228,312,476,476,476,1009,1189,1189,1563,2269,2269,3438,3888,6113,7014,8060,8836,8836,9765,11811,13213,14336,14799,16176,17139,18267,19303,19985,21100,21190,21190,22488,23574,24184,24713,25135,25135,25739,26336,26480,26810,27186,27268,27560,27777,27926,28207,28364,28541,28663,28832,29264,29264
43,Panama,巴拿马,4314767.0,https://www.countryflags.io/pa/flat/64.png,0,0,0,0,0,0,0,0,0,0,0,0,0,0,0,0,0,0,0,0,0,0,0,0,0,0,0,0,0,0,0,0,0,0,0,0,0,0,0,0,0,0,0,1,8,11,27,36,43,55,69,86,109,135,200,245,313,345,443,558,674,786,901,989,989,989,989,1181,1317,1801,1801,2100,2100,2100,2249,2528,2752,2974,3234,3400,3472,3574,3751,4016,4210,4273,4467,4658,4821,4992,5166,5338,6021,6021
44,Dominican Republic,多米尼加,10847910.0,https://www.countryflags.io/do/flat/64.png,0,0,0,0,0,0,0,0,0,0,0,0,0,0,0,0,0,0,0,0,0,0,0,0,0,0,0,0,0,0,0,0,0,0,0,1,1,1,1,0,0,0,0,1,0,1,0,0,1,1,21,21,21,34,34,72,72,72,245,312,392,488,581,581,581,901,1109,1284,1380,1488,1488,1488,1828,1956,1956,2349,2349,2620,2967,3167,3286,3614,3755,4126,4335,4680,4964,5044,5300,5543,5749,5926,6293,6293
45,Colombia,哥伦比亚,50882891.0,https://www.countryflags.io/co/flat/64.png,0,0,0,0,0,0,0,0,0,0,0,0,0,0,0,0,0,0,0,0,0,0,0,0,0,0,0,0,0,0,0,0,0,0,0,0,0,0,0,0,1,1,1,1,3,9,9,13,22,45,57,57,102,128,158,210,235,277,378,470,491,539,608,608,798,906,906,1161,1267,1406,1485,1579,1780,2054,2223,2473,2709,2776,2776,2979,3105,3105,3105,3621,3621,3621,3792,4356,4356,4881,5142,5142,5597,5949
46,Czech Republic,捷克,10708981.0,https://www.countryflags.io/cz/flat/64.png,0,0,0,0,0,0,0,0,0,0,0,0,0,0,0,0,0,0,0,0,0,0,0,0,0,0,0,0,0,0,0,0,0,0,0,3,5,5,5,12,18,21,32,40,61,91,96,141,189,298,344,434,572,774,833,1047,1165,1236,1497,1654,2062,2422,2669,2837,2976,3257,3508,3858,4091,4475,4543,4735,4944,5221,5467,5674,5831,5952,6022,6101,6216,6359,6499,6606,6701,6838,6961,7087,7138,7236,7333,7387,7449,7486
47,South Africa,南非,59308690.0,https://www.countryflags.io/za/flat/64.png,0,0,0,0,0,0,0,0,0,0,0,0,0,0,0,0,0,0,0,0,0,0,0,0,0,0,0,0,0,0,0,0,0,0,0,0,0,0,0,1,1,2,2,2,7,17,24,24,51,51,62,116,116,202,240,240,402,402,709,709,927,1170,1187,1280,1326,1353,1380,1462,1505,1585,1655,1686,1686,1845,2003,2003,2028,2173,2415,2415,2506,2605,2783,3034,3158,3300,3465,3635,3953,4220,4361,4546,4793,4996
48,Egypt,埃及,102334404.0,https://www.countryflags.io/eg/flat/64.png,0,0,0,0,0,0,0,0,0,0,0,0,0,0,0,0,0,0,0,1,1,1,0,0,1,0,0,0,0,0,1,0,1,1,1,2,2,2,2,0,15,33,55,59,59,67,80,93,110,126,166,196,210,256,285,294,327,366,442,456,495,536,576,609,656,710,779,865,985,1070,1173,1322,1450,1560,1699,1794,1939,2065,2190,2350,2505,2673,2844,3032,3144,3333,3490,3659,3891,4092,4319,4534,4782,5042
49,Morocco,摩洛哥,36910560.0,https://www.countryflags.io/ma/flat/64.png,0,0,0,0,0,0,0,0,0,0,0,0,0,0,0,0,0,0,0,0,0,0,0,0,0,0,0,0,0,0,0,0,0,0,0,0,1,1,1,1,0,0,0,3,3,6,6,7,16,16,38,49,58,66,86,96,122,143,170,225,275,358,437,516,574,638,676,735,844,961,1113,1141,1242,1346,1431,1527,1617,1746,1838,1988,2251,2528,2670,2820,2990,3186,3377,3537,3692,3889,4047,4115,4120,4252
50,Moldova,摩尔多瓦,4033963.0,https://www.countryflags.io/md/flat/64.png,0,0,0,0,0,0,0,0,0,0,0,0,0,0,0,0,0,0,0,0,0,0,0,0,0,0,0,0,0,0,0,0,0,0,0,0,0,0,0,0,0,0,1,1,1,3,6,8,12,23,23,30,36,49,66,80,94,109,125,149,177,199,231,231,298,353,423,505,591,752,864,965,1056,1174,1174,1289,1560,1560,1712,1712,2049,2264,2264,2472,2548,2614,2614,2641,2778,2926,3110,3304,3481,3481
51,Austria,奥地利,9006398.0,https://www.countryflags.io/at/flat/64.png,0,0,0,0,0,0,0,0,0,0,0,0,0,0,0,0,0,0,0,0,0,0,0,0,0,0,0,0,0,0,2,3,5,5,10,14,14,24,24,41,55,79,102,157,182,246,361,504,655,860,1016,1332,1646,2013,2388,2649,3611,3924,4876,5560,6398,7697,7697,8536,9377,9971,10482,10967,11383,11781,11907,11983,12519,12852,12969,13248,13560,13945,14119,14234,14350,14553,14623,14681,14738,14812,14833,14932,14932,14985,15143,15175,15256,15286
52,Denmark,丹麦,5792202.0,https://www.countryflags.io/dk/flat/64.png,0,0,0,0,0,0,0,0,0,0,0,0,0,0,0,0,0,0,0,0,0,0,0,0,0,0,0,0,0,0,0,1,1,3,3,3,6,10,15,20,23,27,35,113,262,514,785,801,827,864,914,977,1057,1226,1255,1326,1450,1460,1591,1724,1877,2046,2201,2555,2577,2860,3107,3386,3757,4077,4369,4681,5071,5402,5635,5819,5996,6174,6318,6511,6681,6879,7073,7242,7384,7515,7695,7912,8073,8210,8445,8575,8851,8851
53,Kuwait,科威特,4270571.0,https://www.countryflags.io/kw/flat/64.png,0,0,0,0,0,0,0,0,0,0,0,0,0,0,0,0,0,0,0,0,0,0,0,0,0,0,0,0,1,8,25,43,43,43,46,46,56,56,56,58,58,58,58,69,69,69,80,100,100,112,130,142,148,159,176,188,189,191,195,208,225,235,255,266,289,317,342,417,479,556,665,743,855,910,993,1154,1234,1300,1355,1405,1524,1658,1751,1915,1995,2080,2248,2399,2614,2892,3075,3288,3440,3440
54,Kazakhstan,哈萨克斯坦,18776707.0,https://www.countryflags.io/kz/flat/64.png,0,0,0,0,0,0,0,0,0,0,0,0,0,0,0,0,0,0,0,0,0,0,0,0,0,0,0,0,0,0,0,0,0,0,0,0,0,0,0,0,0,0,0,0,0,0,3,6,8,8,32,35,44,49,53,54,60,66,80,97,135,191,271,302,302,343,348,386,444,551,629,670,704,709,727,802,880,979,979,1091,1275,1470,1591,1654,1735,1949,2025,2207,2334,2482,2652,2717,2950,3019
55,Hungary,匈牙利,9660351.0,https://www.countryflags.io/hu/flat/64.png,0,0,0,0,0,0,0,0,0,0,0,0,0,0,0,0,0,0,0,0,0,0,0,0,0,0,0,0,0,0,0,0,0,0,0,0,0,0,2,3,3,5,9,9,9,9,16,19,30,32,50,58,73,85,103,131,167,187,226,261,300,343,408,447,492,525,585,632,678,733,744,817,895,895,1190,1310,1410,1458,1512,1579,1652,1763,1834,1916,1984,2098,2168,2284,2383,2443,2500,2583,2649,2649
56,Greece,希腊,10423054.0,https://www.countryflags.io/gr/flat/64.png,0,0,0,0,0,0,0,0,0,0,0,0,0,0,0,0,0,0,0,0,0,0,0,0,0,0,0,0,0,0,1,3,4,4,7,7,7,7,10,45,46,66,66,89,89,89,117,190,228,331,352,387,418,464,495,530,624,695,743,821,892,966,1156,1156,1212,1314,1415,1613,1613,1735,1735,1755,1832,1884,2011,2081,2114,2145,2170,2170,2192,2224,2224,2235,2235,2245,2401,2463,2490,2490,2517,2517,2534,2534
57,Oman,阿曼,5106626.0,https://www.countryflags.io/om/flat/64.png,0,0,0,0,0,0,0,0,0,0,0,0,0,0,0,0,0,0,0,0,0,0,0,0,0,0,0,0,0,2,2,4,6,6,6,6,12,12,15,16,16,16,16,16,18,18,19,20,21,22,24,33,39,48,52,55,66,84,99,109,131,152,167,179,179,210,231,252,277,298,331,371,419,457,484,546,599,727,813,910,1019,1069,1180,1266,1410,1508,1614,1716,1790,1905,1998,2049,2131,2131
58,Malaysia,马来西亚,32365999.0,https://www.countryflags.io/my/flat/64.png,3,0,7,8,0,8,0,0,10,12,0,12,16,0,18,18,18,19,19,19,22,22,22,22,22,22,22,0,22,22,22,23,23,25,29,29,36,50,50,55,83,93,117,129,129,158,158,238,428,428,673,790,900,1030,1183,1306,1518,1624,1796,2031,2161,2320,2470,2626,2766,2908,3116,3333,3483,3662,3793,3963,4119,4228,4346,4530,4683,4817,4987,5072,5182,5251,5305,5389,5425,5482,5532,5603,5691,5742,5780,5820,5851,5851
59,Korea,韩国,51269185.0,https://www.countryflags.io/kr/flat/64.png,4,0,0,0,11,12,15,0,16,19,23,24,0,25,27,28,28,28,28,28,29,30,30,51,104,204,433,602,833,977,1261,1766,2337,3150,3526,4335,5186,5621,6088,6593,7041,7314,7478,7513,7755,7869,7979,8086,8162,8236,8320,8413,8565,8652,8799,8897,8961,9037,9137,9241,9332,9478,9583,9661,9786,9887,9976,10062,10156,10237,10284,10331,10384,10423,10450,10480,10480,10537,10564,10591,10591,10635,10653,10661,10674,10683,10694,10702,10708,10718,10728,10738,10752,10761
60,Algeria,阿尔及利亚,43851044.0,https://www.countryflags.io/dz/flat/64.png,0,0,0,0,0,0,0,0,0,0,0,0,0,0,0,0,0,0,0,0,0,0,0,0,0,0,0,0,0,0,1,1,1,1,1,1,1,0,8,17,17,19,19,19,20,25,26,37,45,54,60,67,82,90,102,139,201,230,264,302,367,409,454,511,584,716,847,986,1171,1251,1251,1251,1468,1572,1572,1761,1825,1914,1914,2070,2160,2268,2418,2534,2629,2718,2811,2910,2910,3127,3256,3382,3517,3649
61,Bahrain,巴林,1701575.0,https://www.countryflags.io/bh/flat/64.png,0,0,0,0,0,0,0,0,0,0,0,0,0,0,0,0,0,0,0,0,0,0,0,0,0,0,0,0,1,8,26,33,33,38,41,47,47,49,49,56,56,77,109,109,109,195,210,211,214,214,237,256,269,285,306,334,339,391,419,457,466,473,499,515,567,569,635,672,688,698,698,811,821,855,913,1016,1087,1348,1522,1671,1698,1740,1767,1873,1895,1952,2009,2098,2506,2588,2588,2708,2810,2810
62,Afghanistan,阿富汗,38928346.0,https://www.countryflags.io/af/flat/64.png,0,0,0,0,0,0,0,0,0,0,0,0,0,0,0,0,0,0,0,0,0,0,0,0,0,0,0,0,1,1,1,1,1,1,1,1,1,0,1,0,0,4,4,5,7,7,7,10,16,16,22,22,22,24,24,34,40,42,79,84,95,110,117,145,174,196,239,239,269,337,367,423,444,484,521,555,607,607,714,714,784,794,933,933,993,1092,1143,1143,1226,1463,1531,1531,1828,1828
63,Ghana,加纳,31072940.0,https://www.countryflags.io/gh/flat/64.png,0,0,0,0,0,0,0,0,0,0,0,0,0,0,0,0,0,0,0,0,0,0,0,0,0,0,0,0,0,0,0,0,0,0,0,0,0,0,0,0,0,0,0,0,0,0,2,2,2,6,6,7,9,16,19,21,24,52,68,132,136,137,152,152,152,195,195,204,205,214,214,287,287,313,313,313,408,566,636,636,641,641,641,834,1042,1042,1154,1154,1279,1279,1550,1550,1550,1671
64,Estonia,爱沙尼亚,1326535.0,https://www.countryflags.io/ee/flat/64.png,0,0,0,0,0,0,0,0,0,0,0,0,0,0,0,0,0,0,0,0,0,0,0,0,0,0,0,0,0,0,0,1,1,1,1,1,1,0,1,5,10,10,10,12,13,16,17,68,109,171,205,225,258,267,283,306,326,352,369,404,538,575,640,679,715,745,779,858,961,1018,1097,1108,1149,1185,1258,1258,1346,1332,1332,1373,1400,1434,1459,1512,1528,1535,1552,1559,1605,1605,1635,1643,1647,1660
65,Nigeria,尼日利亚,206139589.0,https://www.countryflags.io/ng/flat/64.png,0,0,0,0,0,0,0,0,0,0,0,0,0,0,0,0,0,0,0,0,0,0,0,0,0,0,0,0,0,0,0,0,1,1,1,1,1,0,1,0,0,0,2,2,2,2,2,0,2,2,3,8,12,12,22,26,36,40,44,51,65,81,97,111,131,151,174,190,210,214,232,238,254,276,288,305,318,323,343,362,407,442,493,542,627,665,782,873,981,1095,1095,1273,1337,1532
66,Bulgaria,保加利亚,6948445.0,https://www.countryflags.io/bg/flat/64.png,0,0,0,0,0,0,0,0,0,0,0,0,0,0,0,0,0,0,0,0,0,0,0,0,0,0,0,0,0,0,0,0,0,0,0,0,0,0,0,0,0,0,2,2,2,7,23,30,43,51,51,81,92,107,127,163,187,201,218,242,264,313,313,338,359,399,449,477,498,498,531,549,577,593,635,648,669,675,713,735,800,825,825,865,878,915,1015,1081,1188,1188,1234,1290,1387,1387
67,Slovenia,斯洛文尼亚,2078938.0,https://www.countryflags.io/si/flat/64.png,0,0,0,0,0,0,0,0,0,0,0,0,0,0,0,0,0,0,0,0,0,0,0,0,0,0,0,0,0,0,0,0,0,0,0,0,0,0,1,6,6,12,16,25,31,57,89,141,181,219,253,275,275,286,341,341,414,442,442,526,528,632,632,691,756,802,814,841,934,977,997,1021,1091,1124,1124,1160,1205,1205,1212,1220,1248,1304,1304,1317,1330,1335,1344,1353,1366,1373,1388,1396,1402,1408
68,Australia,澳大利亚,25499884.0,https://www.countryflags.io/au/flat/64.png,5,0,7,8,9,9,12,0,13,0,14,15,15,0,15,15,15,15,15,15,15,15,15,15,15,17,21,21,22,22,22,23,23,25,28,29,40,41,53,59,64,74,83,101,117,144,144,236,272,298,449,556,636,877,1051,1098,1709,2136,2136,2799,2985,3635,3809,4245,4557,4860,5133,5350,5548,5687,5795,5844,5956,6052,6152,6292,6313,6359,6400,6400,6468,6468,6565,6586,6619,6625,6647,6647,6667,6695,6711,6720,6731,6731
69,Armenia,亚美尼亚,2963243.0,https://www.countryflags.io/am/flat/64.png,0,0,0,0,0,0,0,0,0,0,0,0,0,0,0,0,0,0,0,0,0,0,0,0,0,0,0,0,0,0,0,0,0,0,1,1,1,1,1,0,0,0,0,1,0,4,4,13,20,26,64,78,122,136,136,160,190,235,265,290,329,372,424,481,532,571,663,736,770,822,833,853,881,921,937,966,1013,1039,1067,1111,1111,1201,1248,1291,1339,1401,1473,1473,1596,1677,1746,1808,1808,1867
70,Uzbekistan,乌兹别克斯坦,33469203.0,https://www.countryflags.io/uz/flat/64.png,0,0,0,0,0,0,0,0,0,0,0,0,0,0,0,0,0,0,0,0,0,0,0,0,0,0,0,0,0,0,0,0,0,0,0,0,0,0,0,0,0,0,0,0,0,0,0,0,0,1,10,15,23,33,37,43,43,50,55,65,83,104,133,149,167,172,181,205,227,298,390,390,534,534,555,624,624,865,998,1054,1214,1380,1450,1495,1543,1565,1657,1657,1778,1778,1836,1887,1939,1939
71,Slovakia,斯洛伐克,5459642.0,https://www.countryflags.io/sk/flat/64.png,0,0,0,0,0,0,0,0,0,0,0,0,0,0,0,0,0,0,0,0,0,0,0,0,0,0,0,0,0,0,0,0,0,0,0,0,0,0,0,0,0,3,5,7,7,10,16,32,44,61,72,97,105,123,137,178,185,186,204,216,269,269,314,336,336,400,426,450,471,485,534,581,682,701,715,728,742,769,835,863,977,1049,1089,1161,1173,1199,1244,1325,1360,1373,1379,1379,1384,1384
72,Cameroon,喀麦隆,26545863.0,https://www.countryflags.io/cm/flat/64.png,0,0,0,0,0,0,0,0,0,0,0,0,0,0,0,0,0,0,0,0,0,0,0,0,0,0,0,0,0,0,0,0,0,0,0,0,0,0,0,1,2,2,2,2,2,2,0,3,3,4,10,10,13,21,27,40,56,56,72,75,88,94,113,142,193,233,284,306,509,555,658,685,685,730,803,820,836,848,848,848,855,996,1016,1016,1016,1163,1163,1163,1334,1430,1621,1621,1705,1705
73,Bolivia,玻利维亚,11673021.0,https://www.countryflags.io/bo/flat/64.png,0,0,0,0,0,0,0,0,0,0,0,0,0,0,0,0,0,0,0,0,0,0,0,0,0,0,0,0,0,0,0,0,0,0,0,0,0,0,0,0,0,0,0,0,2,2,2,2,2,2,11,11,11,12,15,16,19,24,27,28,39,39,61,74,74,97,107,115,123,132,139,157,183,194,210,268,268,275,300,330,330,397,441,465,493,520,564,598,609,672,703,807,950,950
74,Cuba,古巴,11326616.0,https://www.countryflags.io/cu/flat/64.png,0,0,0,0,0,0,0,0,0,0,0,0,0,0,0,0,0,0,0,0,0,0,0,0,0,0,0,0,0,0,0,0,0,0,0,0,0,0,0,0,0,0,0,0,0,3,4,4,4,4,4,5,11,16,21,21,21,21,40,48,57,67,80,119,119,170,186,212,233,269,288,320,350,396,457,564,564,620,669,726,766,814,862,923,986,1035,1087,1137,1189,1235,1285,1337,1389,1389
75,Cyprus,塞浦路斯,1207359.0,https://www.countryflags.io/cy/flat/64.png,0,0,0,0,0,0,0,0,0,0,0,0,0,0,0,0,0,0,0,0,0,0,0,0,0,0,0,0,0,0,0,0,0,0,0,0,0,0,0,0,0,0,0,2,2,6,14,21,21,21,33,49,58,67,75,84,95,116,124,132,132,162,214,214,230,262,320,356,396,426,446,465,495,526,562,616,633,633,695,695,735,750,750,761,767,772,790,790,804,804,810,817,817,822
76,Bosnia and Herzegovina,波黑,3280819.0,https://www.countryflags.io/ba/flat/64.png,0,0,0,0,0,0,0,0,0,0,0,0,0,0,0,0,0,0,0,0,0,0,0,0,0,0,0,0,0,0,0,0,0,0,0,0,0,0,1,1,1,3,3,5,7,11,13,13,21,24,24,24,24,64,64,64,126,131,131,176,176,230,233,324,358,409,413,464,575,624,632,674,695,846,846,886,1000,1000,1046,1076,1106,1159,1195,1245,1268,1276,1318,1350,1387,1413,1458,1488,1565,1557
77,Lithuania,立陶宛,2722289.0,https://www.countryflags.io/lt/flat/64.png,0,0,0,0,0,0,0,0,0,0,0,0,0,0,0,0,0,0,0,0,0,0,0,0,0,0,0,0,0,0,0,0,1,1,1,1,1,0,1,0,0,0,0,1,3,3,3,6,8,12,17,22,33,41,63,83,141,160,209,255,290,358,382,437,484,533,581,649,696,811,811,843,880,912,999,999,1026,1062,1062,1070,1091,1128,1149,1239,1298,1326,1350,1370,1410,1426,1426,1438,1449,1344
78,Croatia,克罗地亚,4105267.0,https://www.countryflags.io/hr/flat/64.png,0,0,0,0,0,0,0,0,0,0,0,0,0,0,0,0,0,0,0,0,0,0,0,0,0,0,0,0,0,1,1,3,3,5,7,7,9,9,10,11,12,12,12,13,15,19,31,37,46,46,57,69,69,102,133,133,206,315,315,442,442,586,586,713,790,867,867,1011,1079,1126,1182,1222,1222,1407,1407,1495,1660,1660,1660,1704,1741,1814,1814,1832,1871,1881,1908,1950,1981,2009,2016,2030,2039,2047
79,Costa Rica,哥斯达黎加,5094118.0,https://www.countryflags.io/cr/flat/64.png,0,0,0,0,0,0,0,0,0,0,0,0,0,0,0,0,0,0,0,0,0,0,0,0,0,0,0,0,0,0,0,0,0,0,0,0,0,0,0,0,1,1,9,9,13,22,22,22,22,35,41,50,69,87,113,117,134,158,158,201,231,263,295,295,295,347,347,347,375,396,416,435,454,467,483,502,539,558,577,595,612,618,626,642,649,655,660,662,669,681,686,687,693,695
80,Tunisia,突尼斯,11818619.0,https://www.countryflags.io/tn/flat/64.png,0,0,0,0,0,0,0,0,0,0,0,0,0,0,0,0,0,0,0,0,0,0,0,0,0,0,0,0,0,0,0,0,0,0,0,0,0,1,1,1,0,0,2,5,5,7,13,13,18,20,20,20,39,39,60,75,89,114,114,173,227,227,278,312,362,394,423,455,495,553,574,596,623,628,643,671,685,707,726,747,780,822,864,866,879,884,901,909,918,922,939,949,967,975
81,Ivory Coast,科特迪瓦,,https://www.countryflags.io/ci/flat/64.png,0,0,0,0,0,0,0,0,0,0,0,0,0,0,0,0,0,0,0,0,0,0,0,0,0,0,0,0,0,0,0,0,0,0,0,0,0,0,0,0,0,0,0,0,0,1,1,1,4,4,6,6,9,9,14,14,25,25,73,73,96,101,101,165,168,179,190,194,218,245,261,323,349,384,444,480,533,574,626,638,654,688,742,801,847,879,916,952,1004,1077,1111,1150,1150,1183
82,Honduras,洪都拉斯,9904607.0,https://www.countryflags.io/hn/flat/64.png,0,0,0,0,0,0,0,0,0,0,0,0,0,0,0,0,0,0,0,0,0,0,0,0,0,0,0,0,0,0,0,0,0,0,0,0,0,0,0,0,0,0,0,0,0,2,2,2,2,2,2,8,9,24,24,24,24,26,30,52,68,68,68,139,139,139,139,172,219,222,264,268,298,343,343,343,382,392,393,397,407,419,426,442,457,472,477,494,510,519,562,591,627,661
83,Djibouti,吉布提,988000.0,https://www.countryflags.io/dj/flat/64.png,0,0,0,0,0,0,0,0,0,0,0,0,0,0,0,0,0,0,0,0,0,0,0,0,0,0,0,0,0,0,0,0,0,0,0,0,0,0,0,0,0,0,0,0,0,0,0,0,0,0,0,0,1,1,1,1,1,3,11,11,12,14,14,25,25,33,40,49,50,50,90,90,135,140,150,187,215,298,298,435,591,732,732,732,846,846,974,974,999,1008,1023,1023,1072,1072
84,Lebanon,黎巴嫩,6825445.0,https://www.countryflags.io/lb/flat/64.png,0,0,0,0,0,0,0,0,0,0,0,0,0,0,0,0,0,0,0,0,0,0,0,0,0,0,1,1,1,1,1,3,3,3,3,3,10,10,15,15,15,28,32,32,52,52,77,93,99,100,120,120,149,163,206,245,256,304,333,368,391,412,438,446,463,479,494,508,520,527,541,548,575,582,609,619,630,632,641,658,663,668,672,673,677,677,682,688,696,704,707,710,717,717
85,Latvia,拉脱维亚,1886198.0,https://www.countryflags.io/lv/flat/64.png,0,0,0,0,0,0,0,0,0,0,0,0,0,0,0,0,0,0,0,0,0,0,0,0,0,0,0,0,0,0,0,0,0,0,0,0,0,1,1,1,0,0,6,8,8,10,16,18,26,30,34,49,71,86,111,124,139,180,197,221,244,280,305,347,376,398,446,458,493,533,533,542,548,577,589,589,630,653,653,657,666,675,682,682,727,739,748,761,784,784,804,812,812,818
86,Iraq,伊拉克,40222493.0,https://www.countryflags.io/iq/flat/64.png,0,0,0,0,0,0,0,0,0,0,0,0,0,0,0,0,0,0,0,0,0,0,0,0,0,0,0,1,1,1,1,6,7,8,13,19,19,32,32,38,46,54,61,67,71,68,83,93,110,124,154,164,177,192,208,214,233,266,316,382,458,506,547,547,630,694,772,772,878,878,961,1031,1122,1202,1232,1279,1352,1352,1378,1400,1415,1434,1482,1513,1539,1574,1602,1677,1677,1708,1763,1820,1847,1928
87,Luxembourg,卢森堡,625978.0,https://www.countryflags.io/lu/flat/64.png,0,0,0,0,0,0,0,0,0,0,0,0,0,0,0,0,0,0,0,0,0,0,0,0,0,0,0,0,0,0,0,0,0,0,1,1,1,0,1,0,3,3,5,5,5,7,7,7,59,77,81,203,335,484,670,798,798,875,1099,1333,1453,1605,1831,1988,1988,2178,2319,2487,2612,2729,2804,2804,2970,3034,3034,3163,3270,3281,3292,3307,3373,3444,3537,3537,3550,3558,3618,3654,3665,3695,3711,3723,3729,3729
88,Senegal,塞内加尔,16743927.0,https://www.countryflags.io/sn/flat/64.png,0,0,0,0,0,0,0,0,0,0,0,0,0,0,0,0,0,0,0,0,0,0,0,0,0,0,0,0,0,0,0,0,0,0,0,0,1,1,4,4,4,4,4,4,4,4,10,21,24,24,27,31,36,38,47,56,67,79,86,105,119,130,142,162,175,190,195,207,219,222,226,237,244,250,265,278,280,291,299,314,335,342,350,367,377,412,442,479,545,614,671,736,823,823
89,Guatemala,危地马拉,17915568.0,https://www.countryflags.io/gt/flat/64.png,0,0,0,0,0,0,0,0,0,0,0,0,0,0,0,0,0,0,0,0,0,0,0,0,0,0,0,0,0,0,0,0,0,0,0,0,0,0,0,0,0,0,0,0,0,0,0,1,1,2,2,2,6,6,9,17,17,18,20,21,24,24,25,32,34,36,36,39,47,50,50,61,70,77,87,95,126,137,153,156,167,180,196,214,235,257,289,294,316,342,384,430,473,500
90,Azerbaijan,阿塞拜疆,10139177.0,https://www.countryflags.io/az/flat/64.png,0,0,0,0,0,0,0,0,0,0,0,0,0,0,0,0,0,0,0,0,0,0,0,0,0,0,0,0,0,0,0,0,0,1,3,3,3,0,3,0,0,0,0,11,13,15,19,19,19,23,28,34,34,34,44,44,72,72,93,93,165,165,182,273,273,298,400,443,443,521,641,717,822,926,926,991,1098,1098,1197,1253,1283,1340,1373,1398,1436,1480,1480,1548,1592,1687,1687,1678,1717,1717
91,SriLanka,斯里兰卡,,https://www.countryflags.io/lk/flat/64.png,0,1,0,0,0,1,0,0,0,0,0,0,0,0,1,1,1,1,1,1,1,0,0,1,1,1,1,0,0,0,1,0,0,1,1,1,1,0,1,0,0,0,0,1,2,3,3,8,11,19,44,50,60,71,77,81,92,100,100,102,106,110,113,122,142,142,150,150,162,171,171,183,188,190,190,197,203,214,219,219,238,242,248,269,303,303,322,334,414,435,485,557,596,611
92,Somali,索马里,,https://www.countryflags.io/so/flat/64.png,0,0,0,0,0,0,0,0,0,0,0,0,0,0,0,0,0,0,0,0,0,0,0,0,0,0,0,0,0,0,0,0,0,0,0,0,0,0,0,0,0,0,0,0,0,0,0,0,0,0,0,1,1,1,1,1,1,1,1,2,3,3,3,3,3,5,5,5,7,7,7,7,8,12,12,0,21,21,60,60,80,80,116,135,164,237,286,286,328,328,390,436,480,480
93,Reunion,留尼旺,,,0,0,0,0,0,0,0,0,0,0,0,0,0,0,0,0,0,0,0,0,0,0,0,0,0,0,0,0,0,0,0,0,0,0,0,0,0,0,0,0,0,0,0,0,0,0,0,0,0,0,9,9,9,12,15,28,47,64,71,83,94,135,135,143,207,207,247,281,308,321,334,344,349,358,362,376,382,388,389,391,391,391,394,402,407,408,408,410,410,412,412,412,417,418
94,Palestine,巴勒斯坦,,https://www.countryflags.io/ps/flat/64.png,0,0,0,0,0,0,0,0,0,0,0,0,0,0,0,0,0,0,0,0,0,0,0,0,0,0,0,0,0,0,0,0,0,0,0,0,0,0,0,7,16,19,19,19,30,30,31,35,35,35,38,41,44,47,52,59,59,59,59,64,84,91,104,106,115,134,134,160,193,216,234,253,254,263,263,266,268,268,274,305,305,308,308,313,320,437,441,441,441,441,441,441,441,497
95,Democratic Republic of the Congo,刚果（金）,,https://www.countryflags.io/cd/flat/64.png,0,0,0,0,0,0,0,0,0,0,0,0,0,0,0,0,0,0,0,0,0,0,0,0,0,0,0,0,0,0,0,0,0,0,0,0,0,0,0,0,0,0,0,0,1,1,2,2,3,3,3,7,14,18,18,30,30,45,45,51,54,58,65,81,98,109,123,134,148,154,161,180,183,207,215,223,234,235,241,254,267,287,307,327,332,350,359,377,394,416,442,459,471,471
96,Georgia,格鲁吉亚,3989167.0,https://www.countryflags.io/ge/flat/64.png,0,0,0,0,0,0,0,0,0,0,0,0,0,0,0,0,0,0,0,0,0,0,0,0,0,0,0,0,0,0,0,1,1,2,3,3,3,3,3,0,9,13,13,13,23,24,25,25,30,33,33,35,40,43,47,47,54,67,73,77,81,85,90,98,108,115,130,139,156,170,188,195,208,208,230,233,252,266,299,309,336,370,385,394,399,408,411,420,431,456,485,496,511,511
97,Andorra,安道尔,77265.0,https://www.countryflags.io/ad/flat/64.png,0,0,0,0,0,0,0,0,0,0,0,0,0,0,0,0,0,0,0,0,0,0,0,0,0,0,0,0,0,0,0,0,0,0,0,1,1,1,1,0,0,0,0,1,0,1,2,2,2,2,15,40,54,75,88,114,133,164,185,220,263,263,334,334,370,390,390,439,439,501,526,545,564,583,601,622,638,646,659,673,673,696,704,704,713,717,717,723,724,731,738,740,743,748
98,Venezuela,委内瑞拉,28435940.0,https://www.countryflags.io/ve/flat/64.png,0,0,0,0,0,0,0,0,0,0,0,0,0,0,0,0,0,0,0,0,0,0,0,0,0,0,0,0,0,0,0,0,0,0,0,0,0,0,0,0,0,0,0,0,0,0,0,2,10,10,33,33,33,42,42,70,77,84,84,106,107,107,107,113,135,135,135,144,144,144,144,144,159,165,166,166,171,171,171,181,181,193,197,204,204,228,256,285,288,298,318,318,323,325
99,El Salvador,萨尔瓦多,6486205.0,https://www.countryflags.io/sv/flat/64.png,0,0,0,0,0,0,0,0,0,0,0,0,0,0,0,0,0,0,0,0,0,0,0,0,0,0,0,0,0,0,0,0,0,0,0,0,0,0,0,0,0,0,0,0,0,0,0,0,0,0,0,0,1,1,1,1,1,1,3,5,13,13,13,19,24,30,30,32,41,46,56,62,69,78,93,103,117,118,125,137,149,159,164,177,190,201,218,225,237,250,261,274,298,323
100,The Republic of Equatorial Guinea,赤道几内亚,,https://www.countryflags.io/gq/flat/64.png,0,0,0,0,0,0,0,0,0,0,0,0,0,0,0,0,0,0,0,0,0,0,0,0,0,0,0,0,0,0,0,0,0,0,0,0,0,0,0,0,0,0,0,0,0,0,0,0,1,1,1,3,4,6,6,6,9,9,9,11,12,13,13,14,14,15,15,15,16,16,16,16,16,18,18,0,18,21,21,41,51,51,79,79,79,79,83,84,84,214,258,258,258,315
101,Albania,阿尔巴尼亚,2877797.0,https://www.countryflags.io/al/flat/64.png,0,0,0,0,0,0,0,0,0,0,0,0,0,0,0,0,0,0,0,0,0,0,0,0,0,0,0,0,0,0,0,0,0,0,0,0,0,0,0,0,0,0,0,6,6,15,33,33,38,42,42,55,59,59,70,76,76,104,123,146,186,197,212,212,223,243,277,277,333,361,361,377,383,400,416,433,446,446,467,494,494,539,539,548,562,584,634,663,678,678,712,726,750,750
102,Mali,马里,20250833.0,https://www.countryflags.io/ml/flat/64.png,0,0,0,0,0,0,0,0,0,0,0,0,0,0,0,0,0,0,0,0,0,0,0,0,0,0,0,0,0,0,0,0,0,0,0,0,0,0,0,0,0,0,0,0,0,0,0,0,0,0,0,0,0,0,0,0,0,0,2,2,4,18,18,25,28,31,31,39,41,41,47,47,56,59,87,87,116,123,123,144,148,171,190,216,224,246,258,258,310,325,370,389,389,424
103,Niger,尼日尔,24206644.0,https://www.countryflags.io/ne/flat/64.png,0,0,0,0,0,0,0,0,0,0,0,0,0,0,0,0,0,0,0,0,0,0,0,0,0,0,0,0,0,0,0,0,0,0,0,0,0,0,0,0,0,0,0,0,0,0,0,0,0,0,0,0,0,1,1,2,2,2,7,7,8,10,10,10,20,34,74,98,120,144,184,253,253,342,410,438,491,529,548,570,584,609,627,639,639,655,657,662,671,681,681,696,696,709
104,Sudan,苏丹,43849260.0,https://www.countryflags.io/sd/flat/64.png,0,0,0,0,0,0,0,0,0,0,0,0,0,0,0,0,0,0,0,0,0,0,0,0,0,0,0,0,0,0,0,0,0,0,0,0,0,0,0,0,0,0,0,0,0,0,0,1,1,1,1,2,2,2,2,2,2,3,3,3,3,5,5,6,7,7,7,8,10,10,12,14,14,15,15,19,19,19,29,32,32,35,66,66,92,107,144,162,174,174,213,275,318,318
105,Bailiwick of Jersey,泽西岛,,https://www.countryflags.io/je/flat/64.png,0,0,0,0,0,0,0,0,0,0,0,0,0,0,0,0,0,0,0,0,0,0,0,0,0,0,0,0,0,0,0,0,0,0,0,0,0,0,0,0,0,0,0,0,0,0,0,2,2,2,2,2,5,12,12,15,15,15,18,18,18,32,52,61,63,63,63,81,81,118,123,155,155,170,170,170,183,198,198,213,217,217,219,223,234,245,249,250,255,255,276,278,280,281
106,Kenya,肯尼亚,53771296.0,https://www.countryflags.io/ke/flat/64.png,0,0,0,0,0,0,0,0,0,0,0,0,0,0,0,0,0,0,0,0,0,0,0,0,0,0,0,0,0,0,0,0,0,0,0,0,0,0,0,0,0,0,0,0,0,0,1,1,1,3,4,7,7,7,7,15,15,25,28,31,31,38,42,50,59,81,110,122,126,142,158,158,179,184,189,191,197,208,216,225,234,246,262,270,281,296,303,320,336,343,343,363,374,374
107,Guernsey,根西岛,,https://www.countryflags.io/gg/flat/64.png,0,0,0,0,0,0,0,0,0,0,0,0,0,0,0,0,0,0,0,0,0,0,0,0,0,0,0,0,0,0,0,0,0,0,0,0,0,0,0,0,0,0,0,0,0,0,1,1,1,1,1,1,1,1,1,17,17,17,20,23,30,34,36,39,39,45,60,78,91,114,136,154,154,166,166,181,191,200,209,218,219,223,228,234,236,239,239,239,241,243,245,245,245,247
108,Maldives,马尔代夫,540544.0,https://www.countryflags.io/mv/flat/64.png,0,0,0,0,0,0,0,0,0,0,0,0,0,0,0,0,0,0,0,0,0,0,0,0,0,0,0,0,0,0,0,0,0,0,0,0,0,0,0,0,0,2,4,6,6,6,9,10,13,13,13,13,13,13,13,13,13,13,13,13,13,13,0,17,18,18,18,18,19,19,19,19,19,19,19,0,19,20,20,20,23,28,34,51,67,67,85,94,116,137,141,214,245,250
109,Thailand,泰国,69799978.0,https://www.countryflags.io/th/flat/64.png,7,14,0,0,19,19,0,0,25,0,0,0,32,0,32,32,33,33,33,33,34,35,35,35,35,35,35,35,35,37,40,40,41,42,42,43,43,43,47,48,50,50,50,53,59,70,75,82,114,114,177,212,272,322,411,599,721,827,934,1045,1136,1245,1388,1524,1651,1771,1875,1978,2067,2169,2220,2258,2369,2423,2473,2518,2551,2579,2613,2643,2671,2700,2733,2765,2792,2811,2826,2839,2854,2907,2922,2931,2938,2938
110,Gabon,加蓬,2225734.0,https://www.countryflags.io/ga/flat/64.png,0,0,0,0,0,0,0,0,0,0,0,0,0,0,0,0,0,0,0,0,0,0,0,0,0,0,0,0,0,0,0,0,0,0,0,0,0,0,0,0,0,0,0,0,0,0,1,1,1,1,1,3,3,4,4,5,5,6,6,6,7,7,7,7,16,18,18,18,21,21,24,30,33,34,44,46,46,57,75,80,87,95,108,109,109,120,156,166,169,172,176,176,211,211
111,Malta,马耳他,441543.0,https://www.countryflags.io/mt/flat/64.png,0,0,0,0,0,0,0,0,0,0,0,0,0,0,0,0,0,0,0,0,0,0,0,0,0,0,0,0,0,0,0,0,0,0,0,0,0,0,0,0,0,1,1,1,5,6,6,6,18,18,21,30,38,48,53,64,73,90,107,120,129,134,139,139,151,169,169,188,213,227,241,293,299,299,350,370,378,384,384,384,399,399,412,422,426,427,431,443,444,445,447,448,448,450
112,Iceland,冰岛,341243.0,https://www.countryflags.io/is/flat/64.png,0,0,0,0,0,0,0,0,0,0,0,0,0,0,0,0,0,0,0,0,0,0,0,0,0,0,0,0,0,0,0,0,0,1,1,1,9,14,26,34,45,50,58,60,69,90,109,128,156,177,180,220,250,330,409,473,568,588,648,739,802,890,963,1020,1086,1135,1220,1319,1364,1417,1486,1562,1586,1586,1648,1675,1689,1711,1711,1720,1727,1739,1754,1760,1771,1773,1778,1785,1789,1789,1789,1792,1792,1795
113,Guam,关岛,168775.0,https://www.countryflags.io/gu/flat/64.png,0,0,0,0,0,0,0,0,0,0,0,0,0,0,0,0,0,0,0,0,0,0,0,0,0,0,0,0,0,0,0,0,0,0,0,0,0,0,0,0,0,0,0,0,0,0,0,0,0,0,0,3,3,5,12,14,15,27,29,32,37,45,51,56,56,58,69,77,82,84,93,112,113,121,125,128,130,133,133,134,135,135,135,135,136,136,136,136,136,136,136,137,137,138
114,Burkina Faso,布基纳法索,20903273.0,https://www.countryflags.io/bf/flat/64.png,0,0,0,0,0,0,0,0,0,0,0,0,0,0,0,0,0,0,0,0,0,0,0,0,0,0,0,0,0,0,0,0,0,0,0,0,0,0,0,0,0,0,0,2,2,2,2,2,2,2,15,20,27,33,40,64,72,114,114,146,152,180,207,222,246,261,288,288,302,318,345,364,384,414,443,443,484,497,515,528,542,546,557,565,576,581,600,609,616,629,629,632,632,638
115,Republic of Rwanda,卢旺达,,https://www.countryflags.io/rw/flat/64.png,0,0,0,0,0,0,0,0,0,0,0,0,0,0,0,0,0,0,0,0,0,0,0,0,0,0,0,0,0,0,0,0,0,0,0,0,0,0,0,0,0,0,0,0,0,0,0,0,1,5,7,8,11,11,17,17,17,36,40,41,50,54,60,70,70,75,82,84,89,102,104,105,105,110,113,118,120,126,127,134,134,138,143,144,147,147,150,153,153,176,183,191,207,207
116,French Guiana,法属圭亚那,298682.0,https://www.countryflags.io/gf/flat/64.png,0,0,0,0,0,0,0,0,0,0,0,0,0,0,0,0,0,0,0,0,0,0,0,0,0,0,0,0,0,0,0,0,0,0,0,0,0,0,0,0,0,0,0,0,0,0,5,5,5,5,7,7,7,11,15,15,15,18,20,23,28,28,31,31,31,43,46,51,55,57,62,66,68,72,77,83,84,86,86,88,88,95,96,96,96,96,97,97,0,107,109,109,109,111
117,Trinidad and Tobago,特立尼达和多巴哥,1399488.0,https://www.countryflags.io/tt/flat/64.png,0,0,0,0,0,0,0,0,0,0,0,0,0,0,0,0,0,0,0,0,0,0,0,0,0,0,0,0,0,0,0,0,0,0,0,0,0,0,0,0,0,0,0,0,0,0,1,1,1,1,2,5,5,7,9,9,9,50,51,57,60,61,66,74,76,82,85,89,90,97,100,103,105,106,107,109,109,109,112,113,113,114,114,114,114,114,114,114,115,115,115,115,115,116
118,Jordan,约旦,10203134.0,https://www.countryflags.io/jo/flat/64.png,0,0,0,0,0,0,0,0,0,0,0,0,0,0,0,0,0,0,0,0,0,0,0,0,0,0,0,0,0,0,0,0,0,0,0,0,1,1,1,1,0,0,0,1,1,1,0,1,7,13,34,49,57,70,86,99,112,127,153,172,212,235,246,259,268,274,278,299,310,323,345,349,353,358,372,372,381,389,391,397,401,402,407,413,417,425,428,435,437,441,444,447,447,449
119,Liberia,利比里亚,5057681.0,https://www.countryflags.io/lr/flat/64.png,0,0,0,0,0,0,0,0,0,0,0,0,0,0,0,0,0,0,0,0,0,0,0,0,0,0,0,0,0,0,0,0,0,0,0,0,0,0,0,0,0,0,0,0,0,0,0,0,0,0,2,2,2,2,3,3,3,3,3,3,3,3,0,3,0,6,6,6,10,13,14,14,14,31,31,0,37,59,59,59,0,76,76,81,99,101,101,101,117,120,120,124,141,141
120,Ethiopia,埃塞俄比亚,114963588.0,https://www.countryflags.io/et/flat/64.png,0,0,0,0,0,0,0,0,0,0,0,0,0,0,0,0,0,0,0,0,0,0,0,0,0,0,0,0,0,0,0,0,0,0,0,0,0,0,0,0,0,0,0,0,0,0,1,1,1,4,5,6,6,9,9,11,11,12,12,12,16,16,16,23,25,29,29,35,38,43,44,52,55,56,65,69,71,74,82,85,92,96,105,108,111,114,116,116,117,122,122,122,123,126
121,Bahamas,巴哈马,393244.0,https://www.countryflags.io/bs/flat/64.png,0,0,0,0,0,0,0,0,0,0,0,0,0,0,0,0,0,0,0,0,0,0,0,0,0,0,0,0,0,0,0,0,0,0,0,0,0,0,0,0,0,0,0,0,0,0,0,0,0,1,1,1,1,3,3,4,4,4,4,4,5,5,9,10,10,14,14,15,21,24,24,28,29,33,36,40,41,42,42,47,49,49,53,54,54,58,60,64,65,70,72,72,78,80
122,Haiti,海地,11402528.0,https://www.countryflags.io/ht/flat/64.png,0,0,0,0,0,0,0,0,0,0,0,0,0,0,0,0,0,0,0,0,0,0,0,0,0,0,0,0,0,0,0,0,0,0,0,0,0,0,0,0,0,0,0,0,0,0,0,0,0,0,0,0,0,0,2,2,2,2,6,7,8,8,8,8,15,15,15,16,16,18,18,21,24,25,27,30,30,31,31,40,40,41,0,43,44,44,47,57,58,62,72,72,72,74
123,French Polynesia,法属波利尼西亚,280908.0,https://www.countryflags.io/pf/flat/64.png,0,0,0,0,0,0,0,0,0,0,0,0,0,0,0,0,0,0,0,0,0,0,0,0,0,0,0,0,0,0,0,0,0,0,0,0,0,0,0,0,0,0,0,0,0,0,1,1,1,1,3,3,3,3,11,11,15,17,18,25,25,30,30,34,35,36,37,37,0,39,40,41,42,47,51,51,51,51,53,55,55,55,0,0,55,55,56,57,57,57,57,0,57,58
124,Swaziland,斯威士兰,,https://www.countryflags.io/sz/flat/64.png,0,0,0,0,0,0,0,0,0,0,0,0,0,0,0,0,0,0,0,0,0,0,0,0,0,0,0,0,0,0,0,0,0,0,0,0,0,0,0,0,0,0,0,0,0,0,0,0,1,1,1,1,1,1,1,4,4,5,5,5,8,8,9,9,9,9,9,9,0,9,0,10,10,12,12,0,14,14,15,15,17,17,19,22,22,24,31,31,36,40,56,59,59,65
125,Guyana,圭亚那,786552.0,https://www.countryflags.io/gy/flat/64.png,0,0,0,0,0,0,0,0,0,0,0,0,0,0,0,0,0,0,0,0,0,0,0,0,0,0,0,0,0,0,0,0,0,0,0,0,0,0,0,0,0,0,0,0,0,1,1,1,1,4,4,4,4,5,5,5,5,5,5,5,5,5,0,5,0,8,12,19,23,23,23,29,31,33,37,40,45,45,47,48,55,57,63,63,65,66,67,67,70,73,73,74,74,75
126,Nepal,尼泊尔,29136808.0,https://www.countryflags.io/np/flat/64.png,1,0,0,0,0,1,0,0,0,0,0,0,0,0,1,1,1,1,1,1,1,0,0,1,1,1,1,0,0,0,1,0,0,1,1,1,1,0,1,0,0,0,0,1,0,1,0,0,1,1,1,1,1,1,1,1,2,2,2,2,4,5,5,5,5,5,6,6,9,9,9,9,9,9,9,0,12,14,16,16,16,30,30,31,31,32,32,42,45,48,51,51,51,52
127,Central African Republic,中非共和国,4829767.0,https://www.countryflags.io/cf/flat/64.png,0,0,0,0,0,0,0,0,0,0,0,0,0,0,0,0,0,0,0,0,0,0,0,0,0,0,0,0,0,0,0,0,0,0,0,0,0,0,0,0,0,0,0,0,0,0,0,0,0,1,1,1,1,3,3,3,3,4,4,4,5,6,6,6,6,6,6,8,8,9,9,9,10,11,11,0,11,11,0,11,12,12,0,12,12,14,14,17,19,19,19,41,41,42
128,Togo,多哥,8278724.0,https://www.countryflags.io/tg/flat/64.png,0,0,0,0,0,0,0,0,0,0,0,0,0,0,0,0,0,0,0,0,0,0,0,0,0,0,0,0,0,0,0,0,0,0,0,0,0,0,0,0,1,1,1,1,1,1,0,0,1,1,1,1,1,9,16,16,16,16,18,20,23,24,25,30,34,36,39,39,40,44,52,52,65,73,76,76,76,77,77,81,81,81,83,84,84,84,88,88,88,90,90,98,98,99
129,Angola,安哥拉,32866272.0,https://www.countryflags.io/ao/flat/64.png,0,0,0,0,0,0,0,0,0,0,0,0,0,0,0,0,0,0,0,0,0,0,0,0,0,0,0,0,0,0,0,0,0,0,0,0,0,0,0,0,0,0,0,0,0,0,0,0,0,0,0,0,0,0,2,2,2,3,3,3,4,4,5,7,7,7,8,8,0,10,14,16,17,19,19,0,19,19,19,19,19,19,0,24,24,24,24,24,0,25,25,26,26,27
130,Saint Vincent and the Grenadines,圣文森特和格林纳丁斯,,https://www.countryflags.io/vc/flat/64.png,0,0,0,0,0,0,0,0,0,0,0,0,0,0,0,0,0,0,0,0,0,0,0,0,0,0,0,0,0,0,0,0,0,0,0,0,0,0,0,0,0,0,0,0,0,0,0,1,1,1,1,1,1,1,1,1,1,1,1,1,1,1,0,1,0,1,0,0,2,3,3,3,7,7,8,8,12,12,12,12,0,12,0,0,12,12,12,12,13,13,14,14,14,15
131,Puerto Rico,波多黎各,2860853.0,https://www.countryflags.io/pr/flat/64.png,0,0,0,0,0,0,0,0,0,0,0,0,0,0,0,0,0,0,0,0,0,0,0,0,0,0,0,0,0,0,0,0,0,0,0,0,0,0,0,0,0,0,0,0,0,0,0,0,0,3,3,3,5,5,6,14,21,23,31,39,51,64,64,64,64,174,239,286,316,378,452,452,513,573,620,683,725,788,897,903,923,974,1043,1068,1118,1213,1252,1298,1298,1416,1416,1416,1416,1416
132,San Marino,圣马力诺,33931.0,https://www.countryflags.io/sm/flat/64.png,0,0,0,0,0,0,0,0,0,0,0,0,0,0,0,0,0,0,0,0,0,0,0,0,0,0,0,0,0,0,0,0,0,0,1,1,1,0,10,23,23,26,36,51,62,69,69,73,73,98,98,102,109,109,126,151,151,151,187,187,208,242,242,242,242,242,242,242,245,252,259,266,277,279,308,344,344,356,356,371,372,393,426,426,455,461,462,476,488,501,513,513,538,538
133,Guinea,几内亚,13132795.0,https://www.countryflags.io/gn/flat/64.png,0,0,0,0,0,0,0,0,0,0,0,0,0,0,0,0,0,0,0,0,0,0,0,0,0,0,0,0,0,0,0,0,0,0,0,0,0,0,0,0,0,0,0,0,0,0,0,0,1,1,1,1,1,2,2,2,2,2,4,4,12,12,12,16,22,22,52,52,73,111,121,128,144,164,194,212,250,250,319,404,404,404,477,518,579,622,688,761,862,954,996,996,1163,1163
134,Jamaica,牙买加,2961167.0,https://www.countryflags.io/jm/flat/64.png,0,0,0,0,0,0,0,0,0,0,0,0,0,0,0,0,0,0,0,0,0,0,0,0,0,0,0,0,0,0,0,0,0,0,0,0,0,0,0,0,0,0,0,0,1,1,1,1,1,1,10,10,15,15,15,16,16,19,19,21,26,26,26,30,32,36,36,38,44,47,53,55,58,59,63,63,63,65,69,72,73,105,125,143,163,173,196,223,233,243,257,288,305,305
135,Isle of Man,马恩岛,85033.0,https://www.countryflags.io/im/flat/64.png,0,0,0,0,0,0,0,0,0,0,0,0,0,0,0,0,0,0,0,0,0,0,0,0,0,0,0,0,0,0,0,0,0,0,0,0,0,0,0,0,0,0,0,0,0,0,0,0,0,0,0,0,0,1,1,1,2,2,13,23,23,26,29,32,42,42,52,65,71,114,126,127,127,150,150,165,190,204,226,228,242,254,258,289,291,297,297,307,307,307,308,308,308,308
136,Tanzania,坦桑尼亚,59734218.0,https://www.countryflags.io/tz/flat/64.png,0,0,0,0,0,0,0,0,0,0,0,0,0,0,0,0,0,0,0,0,0,0,0,0,0,0,0,0,0,0,0,0,0,0,0,0,0,0,0,0,0,0,0,0,0,0,0,0,0,0,1,3,6,6,6,12,12,12,12,13,13,14,14,19,19,20,20,20,20,20,24,24,24,25,32,32,32,46,46,59,88,147,147,148,148,254,284,284,299,299,300,300,300,300
137,Martinique,马提尼克,375265.0,https://www.countryflags.io/mq/flat/64.png,0,0,0,0,0,0,0,0,0,0,0,0,0,0,0,0,0,0,0,0,0,0,0,0,0,0,0,0,0,0,0,0,0,0,0,0,0,0,0,0,0,0,0,0,0,0,3,3,3,3,15,16,16,23,32,32,32,32,53,57,66,66,93,93,105,111,119,128,131,138,145,145,149,151,152,154,154,155,156,157,157,158,159,159,163,163,163,163,164,170,170,170,175,175
138,Paraguay,巴拉圭,7132538.0,https://www.countryflags.io/py/flat/64.png,0,0,0,0,0,0,0,0,0,0,0,0,0,0,0,0,0,0,0,0,0,0,0,0,0,0,0,0,0,0,0,0,0,0,0,0,0,0,0,0,0,1,1,1,2,2,2,6,6,6,9,9,9,11,18,22,22,22,37,37,41,41,52,64,64,65,65,92,96,96,96,113,113,115,119,124,134,134,134,147,174,174,174,199,202,206,208,208,213,223,223,223,228,228
139,Gibraltar,直布罗陀,33691.0,https://www.countryflags.io/gi/flat/64.png,0,0,0,0,0,0,0,0,0,0,0,0,0,0,0,0,0,0,0,0,0,0,0,0,0,0,0,0,0,0,0,0,0,0,0,0,0,0,0,0,0,0,0,0,0,0,1,1,1,1,1,3,3,8,10,10,10,15,15,15,26,35,55,56,65,69,69,69,81,95,98,103,103,113,113,113,113,113,129,129,129,129,131,133,133,133,133,133,133,133,133,136,141,141
140,Diamond Princess Cruise Ship,钻石公主号邮轮,,,0,0,0,0,0,0,0,0,0,0,0,0,0,0,0,0,0,0,0,0,355,454,542,621,634,634,634,691,691,691,705,705,705,705,705,706,706,706,706,696,696,696,696,696,696,697,697,697,697,712,712,712,712,712,712,712,712,712,712,712,712,712,712,712,712,712,712,712,712,712,712,712,712,712,712,712,712,712,712,712,712,712,712,712,712,712,712,712,712,712,712,712,712,712
141,Vietnam,越南,97338579.0,https://www.countryflags.io/vn/flat/64.png,2,0,0,0,0,6,0,0,10,0,0,0,13,0,14,15,15,16,16,16,16,16,0,0,16,16,16,16,0,16,16,16,16,16,16,16,16,0,16,16,18,21,21,34,35,44,47,53,53,57,66,68,75,87,94,99,123,123,141,153,163,174,188,203,207,212,227,237,239,241,245,249,251,255,257,258,260,265,266,267,267,267,268,268,268,268,268,268,270,270,270,270,270,270
142,Mauritius,毛里求斯,1271768.0,https://www.countryflags.io/mu/flat/64.png,0,0,0,0,0,0,0,0,0,0,0,0,0,0,0,0,0,0,0,0,0,0,0,0,0,0,0,0,0,0,0,0,0,0,0,0,0,0,0,0,0,0,0,0,0,0,0,0,0,0,0,0,3,7,14,24,28,36,48,52,94,102,107,110,143,154,169,169,196,227,244,268,268,314,314,318,324,324,324,324,324,324,325,328,328,328,328,331,331,331,331,334,334,334
143,Brunei,文莱,437479.0,https://www.countryflags.io/bn/flat/64.png,0,0,0,0,0,0,0,0,0,0,0,0,0,0,0,0,0,0,0,0,0,0,0,0,0,0,0,0,0,0,0,0,0,0,0,0,0,0,0,0,0,0,0,6,6,25,36,40,50,50,56,68,73,78,83,88,91,104,109,114,115,120,126,127,129,131,133,134,135,135,135,135,135,135,136,136,136,136,136,136,136,136,137,138,138,138,138,138,138,138,138,138,138,138
144,Japan,日本,126476461.0,https://www.countryflags.io/jp/flat/64.png,4,7,0,11,15,20,0,0,0,35,45,86,89,0,156,161,203,247,253,326,62,62,74,84,84,105,122,135,159,170,178,189,226,240,250,274,289,304,331,371,420,463,514,581,620,657,711,746,817,818,880,919,956,969,1054,1091,1119,1145,1277,1398,1503,1724,1893,1944,2124,2490,2526,3101,3497,3854,4000,4340,4913,5492,6134,6202,7423,7614,8173,8488,9005,9788,9788,10437,11152,11543,11581,12429,12429,13231,13441,13585,13585,13585
145,Faroe,法罗群岛,,https://www.countryflags.io/fo/flat/64.png,0,0,0,0,0,0,0,0,0,0,0,0,0,0,0,0,0,0,0,0,0,0,0,0,0,0,0,0,0,0,0,0,0,0,0,0,0,0,0,0,0,0,0,0,0,0,2,2,2,2,11,47,47,58,72,80,92,115,118,122,132,140,144,168,168,168,169,173,177,179,181,181,181,184,184,184,184,184,184,184,184,184,184,184,184,185,185,185,185,187,187,187,187,187
146,Burma,缅甸,,https://www.countryflags.io/mm/flat/64.png,0,0,0,0,0,0,0,0,0,0,0,0,0,0,0,0,0,0,0,0,0,0,0,0,0,0,0,0,0,0,0,0,0,0,0,0,0,0,0,0,0,0,0,0,0,0,0,0,0,0,0,0,0,0,0,0,0,2,2,3,5,8,8,14,15,16,20,20,21,21,22,22,22,23,27,31,39,41,62,74,85,88,96,107,111,119,121,127,139,144,146,146,146,146
147,Sierra Leone,塞拉利昂,7976983.0,https://www.countryflags.io/sl/flat/64.png,0,0,0,0,0,0,0,0,0,0,0,0,0,0,0,0,0,0,0,0,0,0,0,0,0,0,0,0,0,0,0,0,0,0,0,0,0,0,0,0,0,0,0,0,0,0,0,0,0,0,0,0,0,0,0,0,0,0,0,0,0,0,0,0,1,1,2,2,4,4,6,6,6,6,7,8,10,10,10,13,15,15,26,35,43,50,61,64,64,82,86,99,99,99
148,Barbados,巴巴多斯,287375.0,https://www.countryflags.io/bb/flat/64.png,0,0,0,0,0,0,0,0,0,0,0,0,0,0,0,0,0,0,0,0,0,0,0,0,0,0,0,0,0,0,0,0,0,0,0,0,0,0,0,0,0,0,0,0,0,0,0,0,0,0,0,2,2,2,2,5,5,5,17,18,18,18,24,24,26,33,33,33,45,45,51,51,56,60,63,63,66,67,68,71,72,73,75,75,75,75,75,75,0,76,76,77,79,79
149,Kampuchea (Cambodia ),柬埔寨,,https://www.countryflags.io/kh/flat/64.png,1,0,0,0,0,1,0,0,0,0,0,0,0,0,1,1,1,1,1,1,1,0,0,0,0,0,0,0,0,0,1,0,0,1,1,1,1,0,1,0,0,2,2,2,3,5,5,5,5,7,12,35,35,35,47,51,84,84,93,96,96,98,103,103,103,107,109,110,110,114,114,114,115,115,117,118,120,122,122,122,122,122,122,122,122,122,122,122,122,122,122,122,122,122
150,Mozambique,莫桑比克,31255435.0,https://www.countryflags.io/mz/flat/64.png,0,0,0,0,0,0,0,0,0,0,0,0,0,0,0,0,0,0,0,0,0,0,0,0,0,0,0,0,0,0,0,0,0,0,0,0,0,0,0,0,0,0,0,0,0,0,0,0,0,0,0,0,0,0,0,0,1,1,3,5,7,8,8,8,8,10,10,10,0,10,0,10,10,17,17,20,20,21,21,28,29,31,34,35,39,39,39,41,46,46,70,76,76,76
151,Madagascar,马达加斯加,27691018.0,https://www.countryflags.io/mg/flat/64.png,0,0,0,0,0,0,0,0,0,0,0,0,0,0,0,0,0,0,0,0,0,0,0,0,0,0,0,0,0,0,0,0,0,0,0,0,0,0,0,0,0,0,0,0,0,0,0,0,0,0,0,0,0,0,3,3,3,12,19,23,24,28,43,43,46,57,57,59,70,70,72,82,88,93,93,102,102,106,106,108,110,111,117,120,120,121,121,121,121,121,123,124,128,128
152,Uganda,乌干达,45741007.0,https://www.countryflags.io/ug/flat/64.png,0,0,0,0,0,0,0,0,0,0,0,0,0,0,0,0,0,0,0,0,0,0,0,0,0,0,0,0,0,0,0,0,0,0,0,0,0,0,0,0,0,0,0,0,0,0,0,0,0,0,0,0,0,0,0,1,1,9,14,14,18,23,30,33,33,44,44,45,48,48,52,52,52,52,53,53,53,54,54,55,55,55,0,0,55,56,58,63,74,75,75,79,79,79
153,Benin,贝宁,12123200.0,https://www.countryflags.io/bj/flat/64.png,0,0,0,0,0,0,0,0,0,0,0,0,0,0,0,0,0,0,0,0,0,0,0,0,0,0,0,0,0,0,0,0,0,0,0,0,0,0,0,0,0,0,0,0,0,0,0,0,0,0,0,1,1,1,2,2,2,5,5,5,5,6,6,6,6,6,13,13,16,16,22,26,26,26,26,35,35,35,35,35,35,35,37,37,37,54,54,54,0,58,58,64,64,64
154,Malawi,马拉维,19129952.0,,0,0,0,0,0,0,0,0,0,0,0,0,0,0,0,0,0,0,0,0,0,0,0,0,0,0,0,0,0,0,0,0,0,0,0,0,0,0,0,0,0,0,0,0,0,0,0,0,0,0,0,0,0,0,0,0,0,0,0,0,0,0,0,0,0,0,0,3,4,4,5,8,8,8,9,9,12,16,16,16,0,16,0,17,17,17,23,33,33,33,33,36,36,36
155,Mongolia,蒙古,3278290.0,https://www.countryflags.io/mn/flat/64.png,0,0,0,0,0,0,0,0,0,0,0,0,0,0,0,0,0,0,0,0,0,0,0,0,0,0,0,0,0,0,0,0,0,0,0,0,0,0,0,0,0,0,0,1,1,1,1,1,1,1,1,4,4,5,10,10,10,10,10,11,11,11,12,12,12,12,12,14,14,14,15,15,16,16,16,0,16,16,30,30,30,30,31,32,32,33,33,34,36,36,38,38,38,38
156,Syria,叙利亚,17500658.0,https://www.countryflags.io/sy/flat/64.png,0,0,0,0,0,0,0,0,0,0,0,0,0,0,0,0,0,0,0,0,0,0,0,0,0,0,0,0,0,0,0,0,0,0,0,0,0,0,0,0,0,0,0,0,0,0,0,0,0,0,0,0,0,0,0,0,1,1,4,5,5,5,6,10,10,10,16,16,16,19,19,19,19,19,19,0,25,25,29,29,33,33,38,39,39,39,42,42,0,42,42,43,43,43
157,Nicaragua,尼加拉瓜,6624554.0,https://www.countryflags.io/ni/flat/64.png,0,0,0,0,0,0,0,0,0,0,0,0,0,0,0,0,0,0,0,0,0,0,0,0,0,0,0,0,0,0,0,0,0,0,0,0,0,0,0,0,0,0,0,0,0,0,0,0,0,0,0,0,1,1,1,1,2,2,2,2,2,2,2,4,4,4,4,5,5,5,0,5,6,6,6,0,7,7,9,9,0,9,0,0,9,9,9,10,10,10,11,11,13,13
158,Liechtenstein,列支敦士登,38128.0,https://www.countryflags.io/li/flat/64.png,0,0,0,0,0,0,0,0,0,0,0,0,0,0,0,0,0,0,0,0,0,0,0,0,0,0,0,0,0,0,0,0,0,0,0,0,0,1,1,1,0,0,0,1,1,1,0,0,1,4,7,7,7,25,25,34,36,46,46,47,51,56,60,61,62,64,68,72,75,76,77,78,78,78,79,79,80,80,80,80,81,81,0,0,82,82,82,82,0,82,0,83,83,0
159,Cayman Is,开曼群岛,,https://www.countryflags.io/ky/flat/64.png,0,0,0,0,0,0,0,0,0,0,0,0,0,0,0,0,0,0,0,0,0,0,0,0,0,0,0,0,0,0,0,0,0,0,0,0,0,0,0,0,0,0,0,0,0,0,0,0,0,1,1,1,1,1,3,3,3,3,5,5,8,8,8,8,8,12,12,14,22,28,28,35,39,39,45,45,45,45,53,53,54,54,60,61,61,61,61,66,66,66,66,70,70,0
160,Chad,乍得,16425864.0,https://www.countryflags.io/td/flat/64.png,0,0,0,0,0,0,0,0,0,0,0,0,0,0,0,0,0,0,0,0,0,0,0,0,0,0,0,0,0,0,0,0,0,0,0,0,0,0,0,0,0,0,0,0,0,0,0,0,0,0,0,0,0,0,1,1,1,1,3,3,3,5,5,5,5,5,7,7,0,7,0,9,9,10,10,11,11,11,18,23,23,27,0,33,33,33,33,34,34,34,40,46,46,0
161,Libya,利比亚,6871292.0,https://www.countryflags.io/ly/flat/64.png,0,0,0,0,0,0,0,0,0,0,0,0,0,0,0,0,0,0,0,0,0,0,0,0,0,0,0,0,0,0,0,0,0,0,0,0,0,0,0,0,0,0,0,0,0,0,0,0,0,0,0,0,0,0,0,0,0,0,1,1,1,1,1,3,8,8,10,11,17,18,18,19,21,21,37,37,25,25,26,35,48,49,0,0,51,51,59,60,60,61,61,61,61,0
162,Sint Maarten,圣马丁岛,42876.0,https://www.countryflags.io/sx/flat/64.png,0,0,0,0,0,0,0,0,0,0,0,0,0,0,0,0,0,0,0,0,0,0,0,0,0,0,0,0,0,0,0,0,0,0,0,0,0,0,0,0,0,0,0,0,0,0,2,2,2,2,2,2,2,4,4,4,4,5,8,8,11,11,11,12,12,18,18,21,22,22,24,29,31,31,31,32,32,33,33,33,35,35,0,0,37,37,37,37,38,38,38,38,38,0
163,Zimbabwe,津巴布韦,14862924.0,https://www.countryflags.io/zw/flat/64.png,0,0,0,0,0,0,0,0,0,0,0,0,0,0,0,0,0,0,0,0,0,0,0,0,0,0,0,0,0,0,0,0,0,0,0,0,0,0,0,0,0,0,0,0,0,0,0,0,0,0,0,0,0,0,2,2,2,2,3,3,5,7,7,7,8,8,8,9,9,9,0,10,11,11,11,13,14,14,14,18,23,24,0,25,25,25,28,28,29,29,31,31,31,0
164,Antigua and Barbuda,安提瓜和巴布达,97929.0,https://www.countryflags.io/ag/flat/64.png,0,0,0,0,0,0,0,0,0,0,0,0,0,0,0,0,0,0,0,0,0,0,0,0,0,0,0,0,0,0,0,0,0,0,0,0,0,0,0,0,0,0,0,0,0,0,0,0,1,1,1,1,1,1,1,1,1,1,1,3,3,3,7,7,7,7,7,7,0,7,0,0,15,15,19,19,19,21,21,23,23,23,0,0,23,23,23,23,24,24,24,0,24,0
165,Botswana,博茨瓦纳,2351627.0,https://www.countryflags.io/bw/flat/64.png,0,0,0,0,0,0,0,0,0,0,0,0,0,0,0,0,0,0,0,0,0,0,0,0,0,0,0,0,0,0,0,0,0,0,0,0,0,0,0,0,0,0,0,0,0,0,0,0,0,0,0,0,0,0,0,0,0,0,0,0,0,0,0,0,3,4,4,4,0,4,0,4,6,6,6,13,13,13,0,13,0,0,15,15,15,20,20,20,22,22,22,0,22,0
166,Fiji,斐济,896445.0,https://www.countryflags.io/fj/flat/64.png,0,0,0,0,0,0,0,0,0,0,0,0,0,0,0,0,0,0,0,0,0,0,0,0,0,0,0,0,0,0,0,0,0,0,0,0,0,0,0,0,0,0,0,0,0,0,0,0,0,0,0,0,1,1,1,1,2,2,3,4,5,5,5,5,5,5,0,0,7,7,12,15,15,15,15,0,16,16,16,16,0,16,17,17,17,17,18,18,0,18,18,0,18,0
167,Status Civitatis Vaticanae,梵蒂冈,,https://www.countryflags.io/va/flat/64.png,0,0,0,0,0,0,0,0,0,0,0,0,0,0,0,0,0,0,0,0,0,0,0,0,0,0,0,0,0,0,0,0,0,0,0,0,0,0,0,1,1,1,1,1,1,1,0,0,1,1,1,1,1,1,1,1,1,1,1,1,4,4,6,6,6,6,6,6,7,7,7,7,7,7,8,8,8,8,0,8,0,0,0,0,8,8,9,9,0,9,9,0,9,0
168,Papua New Guinea,巴布亚新几内亚,8947024.0,https://www.countryflags.io/pg/flat/64.png,0,0,0,0,0,0,0,0,0,0,0,0,0,0,0,0,0,0,0,0,0,0,0,0,0,0,0,0,0,0,0,0,0,0,0,0,0,0,0,0,0,0,0,0,0,0,0,0,0,0,0,0,0,0,0,1,1,1,1,1,1,1,0,1,0,1,0,0,0,1,0,0,0,0,2,2,2,2,0,2,0,0,7,7,7,7,7,7,8,8,8,0,8,0
169,Sao Tome and Principe,圣多美和普林西比,,,0,0,0,0,0,0,0,0,0,0,0,0,0,0,0,0,0,0,0,0,0,0,0,0,0,0,0,0,0,0,0,0,0,0,0,0,0,0,0,0,0,0,0,0,0,0,0,0,0,0,0,0,0,0,0,0,0,0,0,0,0,0,0,0,0,0,0,0,0,0,4,4,4,4,4,0,4,0,0,4,0,0,0,0,4,4,4,4,7,8,8,0,8,0
170,Gambia,冈比亚,2416668.0,https://www.countryflags.io/gm/flat/64.png,0,0,0,0,0,0,0,0,0,0,0,0,0,0,0,0,0,0,0,0,0,0,0,0,0,0,0,0,0,0,0,0,0,0,0,0,0,0,0,0,0,0,0,0,0,0,0,0,0,0,0,1,1,1,1,1,1,1,3,3,3,3,0,4,4,4,4,4,0,4,0,0,0,0,4,0,9,9,9,9,0,9,0,0,9,9,10,10,0,10,10,0,10,0
171,Kingdom of Bhutan,不丹,,https://www.countryflags.io/bt/flat/64.png,0,0,0,0,0,0,0,0,0,0,0,0,0,0,0,0,0,0,0,0,0,0,0,0,0,0,0,0,0,0,0,0,0,0,0,0,0,0,0,1,1,1,1,1,1,1,0,0,1,1,1,1,1,1,2,2,2,2,2,2,2,3,3,3,3,4,4,4,5,5,5,5,5,5,5,0,5,0,0,5,0,0,0,0,5,5,6,6,7,7,7,0,7,0
172,Suriname,苏里南,586632.0,https://www.countryflags.io/sr/flat/64.png,0,0,0,0,0,0,0,0,0,0,0,0,0,0,0,0,0,0,0,0,0,0,0,0,0,0,0,0,0,0,0,0,0,0,0,0,0,0,0,0,0,0,0,0,0,0,0,1,1,1,1,1,1,2,2,5,5,6,6,6,7,7,8,8,8,9,9,9,9,10,10,10,10,10,10,10,10,10,0,10,0,0,0,0,10,10,10,10,10,10,10,0,10,0
173,Monaco,摩纳哥,39242.0,https://www.countryflags.io/mc/flat/64.png,0,0,0,0,0,0,0,0,0,0,0,0,0,0,0,0,0,0,0,0,0,0,0,0,0,0,0,0,0,0,0,0,0,1,1,1,1,0,1,0,0,0,0,1,0,2,2,2,3,3,9,9,9,11,12,18,23,23,27,31,33,42,43,46,49,52,55,60,64,66,73,77,79,81,84,90,92,93,93,93,0,93,94,98,98,98,98,98,0,98,0,0,0,0
174,Laos,老挝,7275560.0,https://www.countryflags.io/la/flat/64.png,0,0,0,0,0,0,0,0,0,0,0,0,0,0,0,0,0,0,0,0,0,0,0,0,0,0,0,0,0,0,0,0,0,0,0,0,0,0,0,0,0,0,0,0,0,0,0,0,0,0,0,0,0,0,0,0,0,2,3,6,6,6,6,6,6,8,9,10,10,10,12,12,15,15,15,0,19,19,19,19,0,19,0,0,19,19,19,19,0,0,0,0,0,0
175,Belize,伯利兹,397628.0,https://www.countryflags.io/bz/flat/64.png,0,0,0,0,0,0,0,0,0,0,0,0,0,0,0,0,0,0,0,0,0,0,0,0,0,0,0,0,0,0,0,0,0,0,0,0,0,0,0,0,0,0,0,0,0,0,0,0,0,0,0,0,0,0,0,0,0,1,1,1,2,2,2,2,2,3,3,3,0,3,4,5,7,7,8,9,10,10,13,14,18,18,0,0,18,18,18,18,0,0,0,0,0,0
176,St.Lucia,圣卢西亚,,https://www.countryflags.io/lc/flat/64.png,0,0,0,0,0,0,0,0,0,0,0,0,0,0,0,0,0,0,0,0,0,0,0,0,0,0,0,0,0,0,0,0,0,0,0,0,0,0,0,0,0,0,0,0,0,0,0,0,0,0,1,2,2,2,2,2,2,2,3,3,3,3,0,3,3,9,9,13,13,13,0,14,14,14,14,0,14,15,15,15,0,15,0,0,15,15,15,15,0,0,0,0,0,0
177,Namibia,纳米比亚,2540905.0,https://www.countryflags.io/na/flat/64.png,0,0,0,0,0,0,0,0,0,0,0,0,0,0,0,0,0,0,0,0,0,0,0,0,0,0,0,0,0,0,0,0,0,0,0,0,0,0,0,0,0,0,0,0,0,0,0,2,2,2,2,2,2,2,3,3,3,3,7,7,8,8,11,11,11,11,13,14,14,16,16,16,16,16,16,0,16,0,0,16,0,0,0,0,16,16,16,16,0,0,0,0,0,0
178,Seychelles,塞舌尔,98347.0,https://www.countryflags.io/sc/flat/64.png,0,0,0,0,0,0,0,0,0,0,0,0,0,0,0,0,0,0,0,0,0,0,0,0,0,0,0,0,0,0,0,0,0,0,0,0,0,0,0,0,0,0,0,0,0,0,0,0,2,2,4,4,4,6,6,6,7,7,7,7,7,7,0,7,0,10,10,10,0,10,0,11,11,11,11,0,11,11,0,11,0,0,0,0,11,11,11,11,0,0,0,0,0,0
179,The Islamic Republic of Mauritania,毛里塔尼亚,,https://www.countryflags.io/mr/flat/64.png,0,0,0,0,0,0,0,0,0,0,0,0,0,0,0,0,0,0,0,0,0,0,0,0,0,0,0,0,0,0,0,0,0,0,0,0,0,0,0,0,0,0,0,0,0,0,0,0,1,1,1,1,1,2,2,2,2,2,2,3,3,3,5,5,5,6,6,6,0,6,0,6,6,6,6,7,7,7,0,7,0,0,0,0,7,7,7,7,0,0,0,0,0,0
180,Papua New Cuinea,巴布亚新几内亚,,https://www.countryflags.io/pg/flat/64.png,0,0,0,0,0,0,0,0,0,0,0,0,0,0,0,0,0,0,0,0,0,0,0,0,0,0,0,0,0,0,0,0,0,0,0,0,0,0,0,0,0,0,0,0,0,0,0,0,0,0,0,0,0,0,0,1,1,1,1,1,1,1,0,1,0,1,0,0,0,1,0,0,0,0,2,2,2,2,0,2,0,0,7,7,7,7,7,7,8,8,8,0,8,0
181,Saint Barthelemy,圣巴泰勒米,9877.0,,0,0,0,0,0,0,0,0,0,0,0,0,0,0,0,0,0,0,0,0,0,0,0,0,0,0,0,0,0,0,0,0,0,0,0,0,0,0,0,0,0,0,0,0,0,0,1,1,1,1,1,3,0,0,0,0,0,0,0,0,0,0,0,0,0,0,0,0,0,0,0,0,0,0,0,0,0,0,0,0,0,0,0,0,0,0,0,0,0,0,0,0,0,0
182,Reunion Island,留尼汪,,,0,0,0,0,0,0,0,0,0,0,0,0,0,0,0,0,0,0,0,0,0,0,0,0,0,0,0,0,0,0,0,0,0,0,0,0,0,0,0,0,0,0,0,0,0,0,0,3,3,6,6,0,0,0,0,0,0,0,0,0,0,0,0,0,0,0,0,0,0,0,0,0,0,0,0,0,0,0,0,0,0,0,0,0,0,0,0,0,0,0,0,0,0,0
183,Grand Princess,至尊公主邮轮,,,0,0,0,0,0,0,0,0,0,0,0,0,0,0,0,0,0,0,0,0,0,0,0,0,0,0,0,0,0,0,0,0,0,0,0,0,0,0,0,0,21,21,21,0,0,0,0,0,0,0,0,0,0,0,0,0,0,0,0,0,0,0,0,0,0,0,0,0,0,0,0,0,0,0,0,0,0,0,0,0,0,0,0,0,0,0,0,0,0,0,0,0,0,0
184,United Kingdom of Great Britain and Ireland,大不列颠及北爱尔兰联合王国,,,0,0,0,0,0,0,0,0,0,0,0,0,0,0,0,0,0,0,0,0,0,0,0,0,0,0,0,0,0,0,0,0,0,20,0,0,0,0,0,0,0,0,0,0,0,0,0,0,0,0,0,0,0,0,0,0,0,0,0,0,0,0,0,0,0,0,0,0,0,0,0,0,0,0,0,0,0,0,0,0,0,0,0,0,0,0,0,0,0,0,0,0,0,0
185,Northern Ireland,北爱尔兰,,,0,0,0,0,0,0,0,0,0,0,0,0,0,0,0,0,0,0,0,0,0,0,0,0,0,0,0,0,0,0,0,0,1,0,0,0,0,0,0,0,0,0,0,0,0,0,0,0,0,0,0,0,0,0,0,0,0,0,0,0,0,0,0,0,0,0,0,0,0,0,0,0,0,0,0,0,0,0,0,0,0,0,0,0,0,0,0,0,0,0,0,0,0,0
186,China,中国,1439323776.0,https://www.countryflags.io/cn/flat/64.png,2744,4515,5974,7711,9692,11791,14380,17205,20438,24324,24702,31161,34546,37198,40171,42638,44653,59804,63851,66492,68500,70548,72436,74185,74576,75465,76288,76936,77150,77658,78064,78497,78824,79251,79824,80026,80151,80270,80409,80552,80651,80695,80735,80754,80778,80793,80813,80824,80844,80860,80881,80894,80928,80967,81008,81054,81093,81171,81218,81285,81340,81394,81439,81470,81518,81554,81589,81620,81639,81669,81708,81740,81802,81865,81907,81953,82052,82160,82249,82295,82341,82367,82719,82735,82747,82758,82788,82798,82804,82816,82827,82830,82836,82858
